path,file_type,current_namespace,owner,secondary_owner,lifecycle_status,runtime_role,owned_state,public_api,imports,imported_by,migration_action,confidence,reason
.gitattributes,none,.,DISTRIBUTION,,ACTIVE,development_or_reference,none,none,,,KEEP,MEDIUM,root repository governance or packaging asset
.gitignore,none,.,DISTRIBUTION,,ACTIVE,development_or_reference,none,none,,,KEEP,MEDIUM,root repository governance or packaging asset
AGENTS.md,md,.,DISTRIBUTION,,ACTIVE,development_or_reference,none,none,,,KEEP,MEDIUM,root repository governance or packaging asset
ARCHITECTURE.md,md,.,DISTRIBUTION,,ACTIVE,development_or_reference,none,none,,,KEEP,MEDIUM,root repository governance or packaging asset
EVIDENCE.md,md,.,DISTRIBUTION,,ACTIVE,development_or_reference,none,none,,,KEEP,MEDIUM,root repository governance or packaging asset
F0_01_DELIVERY_RECEIPT.md,md,.,DISTRIBUTION,,HISTORICAL,development_or_reference,none,none,,,KEEP,HIGH,delivery history
F0_02_DELIVERY_RECEIPT.md,md,.,DISTRIBUTION,,HISTORICAL,development_or_reference,none,none,,,KEEP,HIGH,delivery history
F0_03_DELIVERY_RECEIPT.md,md,.,DISTRIBUTION,,HISTORICAL,development_or_reference,none,none,,,KEEP,HIGH,delivery history
F0_04_DELIVERY_RECEIPT.md,md,.,DISTRIBUTION,,HISTORICAL,development_or_reference,none,none,,,KEEP,HIGH,delivery history
LICENSE,none,.,DISTRIBUTION,,ACTIVE,development_or_reference,none,none,,,KEEP,MEDIUM,root repository governance or packaging asset
NOLLM_PROJECT_SPEC_V4_ENGINEERING_GRAVITY_20260616.md,md,.,DISTRIBUTION,,ACTIVE,development_or_reference,none,none,,,KEEP,MEDIUM,root repository governance or packaging asset
README.md,md,.,DISTRIBUTION,,ACTIVE,development_or_reference,none,none,,,KEEP,MEDIUM,root repository governance or packaging asset
ROADMAP.md,md,.,DISTRIBUTION,,ACTIVE,development_or_reference,none,none,,,KEEP,MEDIUM,root repository governance or packaging asset
config/module-boundaries.json,json,config,DISTRIBUTION,,ACTIVE,development_or_reference,none,none,,,KEEP,MEDIUM,root repository governance or packaging asset
cortex/ANCHOR_COMPOSER.md,md,cortex,ACCESS,,MIGRATION_ASSET,production,product policy,none,,,QUARANTINE,LOW,product policy/cortex history
cortex/CORTEX_PROMPT.md,md,cortex,ACCESS,,MIGRATION_ASSET,production,product policy,none,,,QUARANTINE,LOW,product policy/cortex history
cortex/MEMORY_INTENT.md,md,cortex,ACCESS,,MIGRATION_ASSET,production,product policy,none,,,QUARANTINE,LOW,product policy/cortex history
cortex/NOLLM_CORTEX.md,md,cortex,ACCESS,,MIGRATION_ASSET,production,product policy,none,,,QUARANTINE,LOW,product policy/cortex history
cortex/NOLLM_EXTERNAL_AGENT_INSTRUCTIONS.md,md,cortex,ACCESS,,MIGRATION_ASSET,production,product policy,none,,,QUARANTINE,LOW,product policy/cortex history
cortex/READ_WRITE_POLICY.md,md,cortex,ACCESS,,MIGRATION_ASSET,production,product policy,none,,,QUARANTINE,LOW,product policy/cortex history
cortex/RECALL_DIGEST_USAGE.md,md,cortex,ACCESS,,MIGRATION_ASSET,production,product policy,none,,,QUARANTINE,LOW,product policy/cortex history
distributions/DISTRIBUTION_MATRIX.md,md,distributions,DISTRIBUTION,,ACTIVE,development_or_reference,none,none,,,KEEP,HIGH,distribution composition metadata
distributions/distribution-matrix.json,json,distributions,DISTRIBUTION,,ACTIVE,development_or_reference,none,none,,,KEEP,HIGH,distribution composition metadata
distributions/nollm-audited/README.md,md,distributions/nollm-audited,DISTRIBUTION,,ACTIVE,development_or_reference,none,none,,,KEEP,HIGH,distribution composition metadata
distributions/nollm-audited/manifest.json,json,distributions/nollm-audited,DISTRIBUTION,,ACTIVE,development_or_reference,none,none,,,KEEP,HIGH,distribution composition metadata
distributions/nollm-bare/README.md,md,distributions/nollm-bare,DISTRIBUTION,,ACTIVE,development_or_reference,none,none,,,KEEP,HIGH,distribution composition metadata
distributions/nollm-bare/manifest.json,json,distributions/nollm-bare,DISTRIBUTION,,ACTIVE,development_or_reference,none,none,,,KEEP,HIGH,distribution composition metadata
distributions/nollm-debug/README.md,md,distributions/nollm-debug,DISTRIBUTION,,ACTIVE,development_or_reference,none,none,,,KEEP,HIGH,distribution composition metadata
distributions/nollm-debug/manifest.json,json,distributions/nollm-debug,DISTRIBUTION,,ACTIVE,development_or_reference,none,none,,,KEEP,HIGH,distribution composition metadata
distributions/nollm-minimal/README.md,md,distributions/nollm-minimal,DISTRIBUTION,,ACTIVE,development_or_reference,none,none,,,KEEP,HIGH,distribution composition metadata
distributions/nollm-minimal/manifest.json,json,distributions/nollm-minimal,DISTRIBUTION,,ACTIVE,development_or_reference,none,none,,,KEEP,HIGH,distribution composition metadata
distributions/nollm-openclaw/README.md,md,distributions/nollm-openclaw,DISTRIBUTION,,ACTIVE,development_or_reference,none,none,,,KEEP,HIGH,distribution composition metadata
distributions/nollm-openclaw/manifest.json,json,distributions/nollm-openclaw,DISTRIBUTION,,ACTIVE,development_or_reference,none,none,,,KEEP,HIGH,distribution composition metadata
docs/NOLLM_EXECUTION_POLICY.md,md,docs,LEGACY,,HISTORICAL,development_or_reference,none,none,,,KEEP,MEDIUM,documentation requires current/superseded navigation
docs/V1_FINAL_AUDIT_CHECKLIST.md,md,docs,LEGACY,,HISTORICAL,development_or_reference,none,none,,,KEEP,MEDIUM,documentation requires current/superseded navigation
docs/V1_KNOWN_LIMITATIONS.md,md,docs,LEGACY,,HISTORICAL,development_or_reference,none,none,,,KEEP,MEDIUM,documentation requires current/superseded navigation
docs/V1_RELEASE_CHECKLIST.md,md,docs,LEGACY,,HISTORICAL,development_or_reference,none,none,,,KEEP,MEDIUM,documentation requires current/superseded navigation
docs/V1_RELEASE_NOTES_DRAFT.md,md,docs,LEGACY,,HISTORICAL,development_or_reference,none,none,,,KEEP,MEDIUM,documentation requires current/superseded navigation
docs/admission/BA1_BATCH_ADMISSION_SCOPE.md,md,docs/admission,LEGACY,,HISTORICAL,development_or_reference,none,none,,,KEEP,MEDIUM,documentation requires current/superseded navigation
docs/admission/DA1_MEMORY_ADMISSION_CONVENTIONS.md,md,docs/admission,LEGACY,,HISTORICAL,development_or_reference,none,none,,,KEEP,MEDIUM,documentation requires current/superseded navigation
docs/admission/DA1_MEMORY_ADMISSION_SCOPE.md,md,docs/admission,LEGACY,,HISTORICAL,development_or_reference,none,none,,,KEEP,MEDIUM,documentation requires current/superseded navigation
docs/architecture/D9_AUDIT_HISTORY_REEVALUATION.md,md,docs/architecture,LEGACY,,HISTORICAL,development_or_reference,none,none,,,KEEP,MEDIUM,documentation requires current/superseded navigation
docs/architecture/D_SERIES_STATUS.md,md,docs/architecture,LEGACY,,HISTORICAL,development_or_reference,none,none,,,KEEP,MEDIUM,documentation requires current/superseded navigation
docs/architecture/NOLLM_GEOMETRY_ARCHITECTURE_AMENDMENT_V2_ATLAS_COVERAGE_KERNELS_20260629.md,md,docs/architecture,LEGACY,,HISTORICAL,development_or_reference,none,none,,,KEEP,MEDIUM,documentation requires current/superseded navigation
docs/architecture/NOLLM_GRF2_FIELD_ENGINE_ARCHITECTURE.md,md,docs/architecture,LEGACY,,HISTORICAL,development_or_reference,none,none,,,KEEP,MEDIUM,documentation requires current/superseded navigation
docs/architecture/NOLLM_GRF3R2_PLACE_ADMIT_SEPARATION.md,md,docs/architecture,LEGACY,,HISTORICAL,development_or_reference,none,none,,,KEEP,MEDIUM,documentation requires current/superseded navigation
docs/architecture/NOLLM_GRF3R_IDENTITY_BOUNDARY_ARCHITECTURE.md,md,docs/architecture,LEGACY,,HISTORICAL,development_or_reference,none,none,,,KEEP,MEDIUM,documentation requires current/superseded navigation
docs/architecture/NOLLM_GRF3_HOST_RECONNECTION_ARCHITECTURE.md,md,docs/architecture,LEGACY,,HISTORICAL,development_or_reference,none,none,,,KEEP,MEDIUM,documentation requires current/superseded navigation
docs/architecture/NOLLM_GRF4R_ARCHITECTURE_REPORT.md,md,docs/architecture,LEGACY,,HISTORICAL,development_or_reference,none,none,,,KEEP,MEDIUM,documentation requires current/superseded navigation
docs/architecture/NOLLM_GRF4_PRODUCTION_VALIDATION_ARCHITECTURE.md,md,docs/architecture,LEGACY,,HISTORICAL,development_or_reference,none,none,,,KEEP,MEDIUM,documentation requires current/superseded navigation
docs/architecture/NOLLM_GRF5_PRODUCT_INTEGRATION_ARCHITECTURE.md,md,docs/architecture,LEGACY,,HISTORICAL,development_or_reference,none,none,,,KEEP,MEDIUM,documentation requires current/superseded navigation
docs/architecture/NOLLM_GRF7_FINAL_ARCHITECTURE_REPORT.md,md,docs/architecture,LEGACY,,HISTORICAL,development_or_reference,none,none,,,KEEP,MEDIUM,documentation requires current/superseded navigation
docs/architecture/NOLLM_GRF8_ARCHITECTURE_REPORT.md,md,docs/architecture,LEGACY,,HISTORICAL,development_or_reference,none,none,,,KEEP,MEDIUM,documentation requires current/superseded navigation
docs/architecture/NOLLM_GRF_REFOUNDATION.md,md,docs/architecture,LEGACY,,HISTORICAL,development_or_reference,none,none,,,KEEP,MEDIUM,documentation requires current/superseded navigation
docs/architecture/NOLLM_PROJECT_BOOK_V2_2_LAYERED_CORE_TO_TERMINAL.md,md,docs/architecture,LEGACY,,HISTORICAL,development_or_reference,none,none,,,KEEP,MEDIUM,documentation requires current/superseded navigation
docs/architecture/NOLLM_V2_MIGRATION_BOUNDARY_DG0.md,md,docs/architecture,LEGACY,,HISTORICAL,development_or_reference,none,none,,,KEEP,MEDIUM,documentation requires current/superseded navigation
docs/architecture/NOLLM_V2_MODULE_BOUNDARIES_DG0.md,md,docs/architecture,LEGACY,,HISTORICAL,development_or_reference,none,none,,,KEEP,MEDIUM,documentation requires current/superseded navigation
docs/architecture/module-ownership/M0_BOUNDARY_BASELINE.json,json,docs/architecture/module-ownership,DISTRIBUTION,,GENERATED,development_or_reference,none,none,,,KEEP,HIGH,current M0 ownership governance record
docs/architecture/module-ownership/MODULE_OWNERSHIP_MANIFEST.csv,csv,docs/architecture/module-ownership,DISTRIBUTION,,GENERATED,development_or_reference,none,none,,,KEEP,HIGH,current M0 ownership governance record
docs/architecture/module-ownership/MODULE_OWNERSHIP_MANIFEST.json,json,docs/architecture/module-ownership,DISTRIBUTION,,GENERATED,development_or_reference,none,none,,,KEEP,HIGH,current M0 ownership governance record
docs/architecture/module-ownership/UNCLASSIFIED_TRACKED_FILES.txt,txt,docs/architecture/module-ownership,DISTRIBUTION,,GENERATED,development_or_reference,none,none,,,KEEP,HIGH,current M0 ownership governance record
docs/architecture/modules/NOLLM_ACCESS_CHARTER.md,md,docs/architecture/modules,ACCESS,,ACTIVE,production,none,none,,,KEEP,HIGH,current M0 module charter
docs/architecture/modules/NOLLM_AUDIT_CHARTER.md,md,docs/architecture/modules,AUDIT,,ACTIVE,production,none,none,,,KEEP,HIGH,current M0 module charter
docs/architecture/modules/NOLLM_CORE_CHARTER.md,md,docs/architecture/modules,CORE,,ACTIVE,production,none,none,,,KEEP,HIGH,current M0 module charter
docs/architecture/modules/NOLLM_DISTRIBUTIONS_CHARTER.md,md,docs/architecture/modules,DISTRIBUTION,,ACTIVE,development_or_reference,none,none,,,KEEP,HIGH,current M0 module charter
docs/architecture/modules/NOLLM_HISTORY_CHARTER.md,md,docs/architecture/modules,HISTORY,,ACTIVE,production,none,none,,,KEEP,HIGH,current M0 module charter
docs/architecture/modules/NOLLM_LAB_CHARTER.md,md,docs/architecture/modules,LAB,,ACTIVE,development_or_reference,none,none,,,KEEP,HIGH,current M0 module charter
docs/architecture/modules/NOLLM_OPENCLAW_CHARTER.md,md,docs/architecture/modules,OPENCLAW,,ACTIVE,production,none,none,,,KEEP,HIGH,current M0 module charter
docs/architecture/modules/NOLLM_SNAPSHOT_CHARTER.md,md,docs/architecture/modules,SNAPSHOT,,ACTIVE,production,none,none,,,KEEP,HIGH,current M0 module charter
docs/architecture/modules/NOLLM_TRACE_CHARTER.md,md,docs/architecture/modules,TRACE,,ACTIVE,production,none,none,,,KEEP,HIGH,current M0 module charter
docs/cortex/DC1_CORTEX_COMPILER_CONVENTIONS.md,md,docs/cortex,LEGACY,,HISTORICAL,development_or_reference,none,none,,,KEEP,MEDIUM,documentation requires current/superseded navigation
docs/cortex/DC1_CORTEX_COMPILER_SCOPE.md,md,docs/cortex,LEGACY,,HISTORICAL,development_or_reference,none,none,,,KEEP,MEDIUM,documentation requires current/superseded navigation
docs/delivery/BA1_BATCH_ADMISSION_DELIVERY_RECEIPT.md,md,docs/delivery,DISTRIBUTION,,HISTORICAL,development_or_reference,none,none,,,KEEP,HIGH,delivery history
docs/delivery/CI1_CAPTURE_INGRESS_DELIVERY_RECEIPT.md,md,docs/delivery,DISTRIBUTION,,HISTORICAL,development_or_reference,none,none,,,KEEP,HIGH,delivery history
docs/delivery/CX1_CAPTURE_DEFERRED_VISIBILITY_SYNTHETIC_VALIDATION_RECEIPT.md,md,docs/delivery,DISTRIBUTION,,HISTORICAL,development_or_reference,none,none,,,KEEP,HIGH,delivery history
docs/delivery/CX2_DELIVERY_RECEIPT.md,md,docs/delivery,DISTRIBUTION,,HISTORICAL,development_or_reference,none,none,,,KEEP,HIGH,delivery history
docs/delivery/DA1_MEMORY_ADMISSION_DELIVERY_RECEIPT.md,md,docs/delivery,DISTRIBUTION,,HISTORICAL,development_or_reference,none,none,,,KEEP,HIGH,delivery history
docs/delivery/DC1_01R_LEGACY_REOPEN_COMPATIBILITY_RECEIPT.md,md,docs/delivery,DISTRIBUTION,,HISTORICAL,development_or_reference,none,none,,,KEEP,HIGH,delivery history
docs/delivery/DC1_01_FINAL_COMPILER_CONTRACT_CLOSURE_RECEIPT.md,md,docs/delivery,DISTRIBUTION,,HISTORICAL,development_or_reference,none,none,,,KEEP,HIGH,delivery history
docs/delivery/DC1_CORTEX_COMPILER_DELIVERY_RECEIPT.md,md,docs/delivery,DISTRIBUTION,,HISTORICAL,development_or_reference,none,none,,,KEEP,HIGH,delivery history
docs/delivery/DC1_FINAL_ACCEPTANCE_AND_DR1_ENTRY_GATE_20260630.md,md,docs/delivery,DISTRIBUTION,,HISTORICAL,development_or_reference,none,none,,,KEEP,HIGH,delivery history
docs/delivery/DE1_01R_INTERPRETATION_SUBJECT_DOMAIN_CLOSURE_DELIVERY_RECEIPT.md,md,docs/delivery,DISTRIBUTION,,HISTORICAL,development_or_reference,none,none,,,KEEP,HIGH,delivery history
docs/delivery/DE1_01_EPISTEMIC_IDENTITY_CLOSURE_DELIVERY_RECEIPT.md,md,docs/delivery,DISTRIBUTION,,HISTORICAL,development_or_reference,none,none,,,KEEP,HIGH,delivery history
docs/delivery/DE1_MEMORY_SUBSTRATE_DELIVERY_RECEIPT.md,md,docs/delivery,DISTRIBUTION,,HISTORICAL,development_or_reference,none,none,,,KEEP,HIGH,delivery history
docs/delivery/DF1_FINITE_FIELD_SNAPSHOT_ASSEMBLY_DELIVERY_RECEIPT.md,md,docs/delivery,DISTRIBUTION,,HISTORICAL,development_or_reference,none,none,,,KEEP,HIGH,delivery history
docs/delivery/DG0_V2_MODULE_BOUNDARIES_DELIVERY_RECEIPT.md,md,docs/delivery,DISTRIBUTION,,HISTORICAL,development_or_reference,none,none,,,KEEP,HIGH,delivery history
docs/delivery/DG1_01_CORE_MATHEMATICAL_REPAIR_DELIVERY_RECEIPT.md,md,docs/delivery,DISTRIBUTION,,HISTORICAL,development_or_reference,none,none,,,KEEP,HIGH,delivery history
docs/delivery/DG1_02_PHASE_RECURRENCE_CORRECTION_DELIVERY_RECEIPT.md,md,docs/delivery,DISTRIBUTION,,HISTORICAL,development_or_reference,none,none,,,KEEP,HIGH,delivery history
docs/delivery/DG1_PURE_GEOMETRY_KERNEL_DELIVERY_RECEIPT.md,md,docs/delivery,DISTRIBUTION,,HISTORICAL,development_or_reference,none,none,,,KEEP,HIGH,delivery history
docs/delivery/DG2_01_FIELD_INTEGRITY_REPAIR_DELIVERY_RECEIPT.md,md,docs/delivery,DISTRIBUTION,,HISTORICAL,development_or_reference,none,none,,,KEEP,HIGH,delivery history
docs/delivery/DG2_02_FINAL_FIELD_CLOSURE_DELIVERY_RECEIPT.md,md,docs/delivery,DISTRIBUTION,,HISTORICAL,development_or_reference,none,none,,,KEEP,HIGH,delivery history
docs/delivery/DG2_FIELD_DYNAMICS_DELIVERY_RECEIPT.md,md,docs/delivery,DISTRIBUTION,,HISTORICAL,development_or_reference,none,none,,,KEEP,HIGH,delivery history
docs/delivery/DG5_DELIVERY_RECEIPT.md,md,docs/delivery,DISTRIBUTION,,HISTORICAL,development_or_reference,none,none,,,KEEP,HIGH,delivery history
docs/delivery/DG6_DELIVERY_RECEIPT.md,md,docs/delivery,DISTRIBUTION,,HISTORICAL,development_or_reference,none,none,,,KEEP,HIGH,delivery history
docs/delivery/DG7_DELIVERY_RECEIPT.md,md,docs/delivery,DISTRIBUTION,,HISTORICAL,development_or_reference,none,none,,,KEEP,HIGH,delivery history
docs/delivery/DI1_01_PUBLIC_PROVENANCE_BOUNDARY_CLOSURE_RECEIPT.md,md,docs/delivery,DISTRIBUTION,,HISTORICAL,development_or_reference,none,none,,,KEEP,HIGH,delivery history
docs/delivery/DI1_DELIVERY_RECEIPT_20260701.md,md,docs/delivery,DISTRIBUTION,,HISTORICAL,development_or_reference,none,none,,,KEEP,HIGH,delivery history
docs/delivery/DR1_01R_EXECUTABLE_TRAVERSAL_CLOSURE_RECEIPT.md,md,docs/delivery,DISTRIBUTION,,HISTORICAL,development_or_reference,none,none,,,KEEP,HIGH,delivery history
docs/delivery/DR1_01S_GLOBAL_TRAVERSAL_ACCOUNTING_CLOSURE_RECEIPT.md,md,docs/delivery,DISTRIBUTION,,HISTORICAL,development_or_reference,none,none,,,KEEP,HIGH,delivery history
docs/delivery/DR1_01T_EVIDENCE_AGGREGATION_CLOSURE_RECEIPT.md,md,docs/delivery,DISTRIBUTION,,HISTORICAL,development_or_reference,none,none,,,KEEP,HIGH,delivery history
docs/delivery/DR1_01_RECALL_SEMANTICS_TRAVERSAL_CLOSURE_RECEIPT.md,md,docs/delivery,DISTRIBUTION,,HISTORICAL,development_or_reference,none,none,,,KEEP,HIGH,delivery history
docs/delivery/DR1_RECALL_RESOLVER_DELIVERY_RECEIPT.md,md,docs/delivery,DISTRIBUTION,,HISTORICAL,development_or_reference,none,none,,,KEEP,HIGH,delivery history
docs/delivery/DX1_DELIVERY_RECEIPT_20260701.md,md,docs/delivery,DISTRIBUTION,,HISTORICAL,development_or_reference,none,none,,,KEEP,HIGH,delivery history
docs/delivery/DX2_MULTI_ADMISSION_ASSEMBLY_RECALL_DELIVERY_RECEIPT.md,md,docs/delivery,DISTRIBUTION,,HISTORICAL,development_or_reference,none,none,,,KEEP,HIGH,delivery history
docs/delivery/GAT1_CHART_GROUPOID_DELIVERY_RECEIPT.md,md,docs/delivery,DISTRIBUTION,,HISTORICAL,development_or_reference,none,none,,,KEEP,HIGH,delivery history
docs/delivery/GCM1_SPARSE_COLLISION_TRACE_COMPACTION_DELIVERY_RECEIPT.md,md,docs/delivery,DISTRIBUTION,,HISTORICAL,development_or_reference,none,none,,,KEEP,HIGH,delivery history
docs/delivery/GEO1_GEOMETRY_EVIDENCE_CONSOLIDATION_DELIVERY_RECEIPT.md,md,docs/delivery,DISTRIBUTION,,HISTORICAL,development_or_reference,none,none,,,KEEP,HIGH,delivery history
docs/delivery/GKC1_DIRECTIONAL_KERNEL_COMPOSITION_DELIVERY_RECEIPT.md,md,docs/delivery,DISTRIBUTION,,HISTORICAL,development_or_reference,none,none,,,KEEP,HIGH,delivery history
docs/delivery/GKD1_BIDIRECTIONAL_COVERAGE_DELIVERY_RECEIPT.md,md,docs/delivery,DISTRIBUTION,,HISTORICAL,development_or_reference,none,none,,,KEEP,HIGH,delivery history
docs/delivery/GPR1_GEOMETRY_PROFILE_REGIME_DELIVERY_RECEIPT.md,md,docs/delivery,DISTRIBUTION,,HISTORICAL,development_or_reference,none,none,,,KEEP,HIGH,delivery history
docs/delivery/GRA1_ROTATION_SCALE_RESONANCE_DELIVERY_RECEIPT.md,md,docs/delivery,DISTRIBUTION,,HISTORICAL,development_or_reference,none,none,,,KEEP,HIGH,delivery history
docs/delivery/GRC1_RESONANCE_CONDITIONED_COVERAGE_DELIVERY_RECEIPT.md,md,docs/delivery,DISTRIBUTION,,HISTORICAL,development_or_reference,none,none,,,KEEP,HIGH,delivery history
docs/delivery/GSC1_SPARSE_SHARD_SCALE_COVERAGE_DELIVERY_RECEIPT.md,md,docs/delivery,DISTRIBUTION,,HISTORICAL,development_or_reference,none,none,,,KEEP,HIGH,delivery history
docs/delivery/GVR1_TRANSLATION_VARIATION_DELIVERY_RECEIPT.md,md,docs/delivery,DISTRIBUTION,,HISTORICAL,development_or_reference,none,none,,,KEEP,HIGH,delivery history
docs/delivery/HAG1_DELIVERY_REPORT.md,md,docs/delivery,DISTRIBUTION,,HISTORICAL,development_or_reference,none,none,,,KEEP,HIGH,delivery history
docs/delivery/HCG1_FILE_FIRST_CAPTURE_GATEWAY_DELIVERY_RECEIPT.md,md,docs/delivery,DISTRIBUTION,,HISTORICAL,development_or_reference,none,none,,,KEEP,HIGH,delivery history
docs/delivery/HX1_DELIVERY_RECEIPT.md,md,docs/delivery,DISTRIBUTION,,HISTORICAL,development_or_reference,none,none,,,KEEP,HIGH,delivery history
docs/delivery/HXA1_DELIVERY_RECEIPT.md,md,docs/delivery,DISTRIBUTION,,HISTORICAL,development_or_reference,none,none,,,KEEP,HIGH,delivery history
docs/delivery/NOLLM_M0_MODULE_OWNERSHIP_AND_MONOREPO_PACKAGE_SEPARATION_TASK_20260711.md,md,docs/delivery,DISTRIBUTION,,ACTIVE,development_or_reference,none,none,,,KEEP,HIGH,authoritative M0 taskbook
docs/delivery/NOLLM_V2L0_C1R_V1_ROUTE_LOCK_TEST_MIGRATION_AND_EVIDENCE_CLOSURE_TASK_20260707.md,md,docs/delivery,DISTRIBUTION,,HISTORICAL,development_or_reference,none,none,,,KEEP,HIGH,delivery history
docs/delivery/NOLLM_V2L0_C1_ACTIVE_NAVIGATION_AND_EVIDENCE_CLOSURE_TASK_20260707.md,md,docs/delivery,DISTRIBUTION,,HISTORICAL,development_or_reference,none,none,,,KEEP,HIGH,delivery history
docs/delivery/NOLLM_V2L0_C2_MATRIX_LEGACY_GOVERNANCE_TEST_MIGRATION_AND_EVIDENCE_CLOSURE_TASK_20260707.md,md,docs/delivery,DISTRIBUTION,,HISTORICAL,development_or_reference,none,none,,,KEEP,HIGH,delivery history
docs/delivery/NOLLM_V2L0_C3R_TASKBOOK_WHITESPACE_RC_GATE_EVIDENCE_AND_FINAL_DELIVERY_CLOSURE_TASK_20260707.md,md,docs/delivery,DISTRIBUTION,,HISTORICAL,development_or_reference,none,none,,,KEEP,HIGH,delivery history
docs/delivery/NOLLM_V2L0_C3_ENGINEERING_RC_HASH_REBASELINE_AND_FINAL_EVIDENCE_CLOSURE_TASK_20260707.md,md,docs/delivery,DISTRIBUTION,,HISTORICAL,development_or_reference,none,none,,,KEEP,HIGH,delivery history
docs/delivery/NOLLM_V2L0_LAYER_CONSTITUTION_AND_SOURCE_RECLASSIFICATION_TASK_20260707.md,md,docs/delivery,DISTRIBUTION,,HISTORICAL,development_or_reference,none,none,,,KEEP,HIGH,delivery history
docs/delivery/RC1_DF1_DR1_RECALL_UNIVERSE_DELIVERY_RECEIPT.md,md,docs/delivery,DISTRIBUTION,,HISTORICAL,development_or_reference,none,none,,,KEEP,HIGH,delivery history
docs/delivery/TQ1_DELIVERY_RECEIPT.md,md,docs/delivery,DISTRIBUTION,,HISTORICAL,development_or_reference,none,none,,,KEEP,HIGH,delivery history
docs/delivery/V2L0_DELIVERY_REPORT.md,md,docs/delivery,DISTRIBUTION,,HISTORICAL,development_or_reference,none,none,,,KEEP,HIGH,delivery history
docs/engineering/G6_GRAVITY_REPORT_V1.md,md,docs/engineering,LEGACY,,HISTORICAL,development_or_reference,none,none,,,KEEP,MEDIUM,documentation requires current/superseded navigation
docs/engineering/NOLLM_MINIMUM_DATA_MODEL_20260616.md,md,docs/engineering,LEGACY,,HISTORICAL,development_or_reference,none,none,,,KEEP,MEDIUM,documentation requires current/superseded navigation
docs/evidence/DE1_MEMORY_SUBSTRATE_CONVENTIONS.md,md,docs/evidence,LEGACY,,HISTORICAL,development_or_reference,none,none,,,KEEP,MEDIUM,documentation requires current/superseded navigation
docs/evidence/DE1_MEMORY_SUBSTRATE_SCOPE.md,md,docs/evidence,LEGACY,,HISTORICAL,development_or_reference,none,none,,,KEEP,MEDIUM,documentation requires current/superseded navigation
docs/experiments/D7_OPENCLAW_DREAM_EXPERIMENT.md,md,docs/experiments,LEGACY,,HISTORICAL,development_or_reference,none,none,,,KEEP,MEDIUM,documentation requires current/superseded navigation
docs/experiments/DREAM_GEOMETRY_INTERNAL_RUNNERS.md,md,docs/experiments,LEGACY,,HISTORICAL,development_or_reference,none,none,,,KEEP,MEDIUM,documentation requires current/superseded navigation
docs/experiments/E2_BATCH_DREAM_EXPERIMENTS.md,md,docs/experiments,LEGACY,,HISTORICAL,development_or_reference,none,none,,,KEEP,MEDIUM,documentation requires current/superseded navigation
docs/experiments/E3_ADVERSARIAL_DREAM_REGRESSION_PACK.md,md,docs/experiments,LEGACY,,HISTORICAL,development_or_reference,none,none,,,KEEP,MEDIUM,documentation requires current/superseded navigation
docs/experiments/E4_ONE_COMMAND_DREAM_GEOMETRY_SUITE.md,md,docs/experiments,LEGACY,,HISTORICAL,development_or_reference,none,none,,,KEEP,MEDIUM,documentation requires current/superseded navigation
docs/experiments/E5_REAL_CORPUS_DREAM_DRY_RUN.md,md,docs/experiments,LEGACY,,HISTORICAL,development_or_reference,none,none,,,KEEP,MEDIUM,documentation requires current/superseded navigation
docs/experiments/E6_ALL_DREAM_CHECKS_MANIFEST.md,md,docs/experiments,LEGACY,,HISTORICAL,development_or_reference,none,none,,,KEEP,MEDIUM,documentation requires current/superseded navigation
docs/experiments/E7_LOCAL_FULL_GATE_RUNNER.md,md,docs/experiments,LEGACY,,HISTORICAL,development_or_reference,none,none,,,KEEP,MEDIUM,documentation requires current/superseded navigation
docs/experiments/E8_GOLDEN_DREAM_REPORT_REGRESSION.md,md,docs/experiments,LEGACY,,HISTORICAL,development_or_reference,none,none,,,KEEP,MEDIUM,documentation requires current/superseded navigation
docs/experiments/F0_FULL_GATE_RUNTIME_TRIAGE.md,md,docs/experiments,LEGACY,,HISTORICAL,development_or_reference,none,none,,,KEEP,MEDIUM,documentation requires current/superseded navigation
docs/experiments/F2_GATE_OUTPUT_ISOLATION_AND_TEST_SHARDS.md,md,docs/experiments,LEGACY,,HISTORICAL,development_or_reference,none,none,,,KEEP,MEDIUM,documentation requires current/superseded navigation
docs/experiments/G7_MODE3_FREE_DRIFT_TRACE_EXPERIMENT.md,md,docs/experiments,LEGACY,,HISTORICAL,development_or_reference,none,none,,,KEEP,MEDIUM,documentation requires current/superseded navigation
docs/experiments/G8_MINIMAL_ABLATION_EXPERIMENT.md,md,docs/experiments,LEGACY,,HISTORICAL,development_or_reference,none,none,,,KEEP,MEDIUM,documentation requires current/superseded navigation
docs/experiments/G_SERIES_ENGINEERING_CLOSURE.md,md,docs/experiments,LEGACY,,HISTORICAL,development_or_reference,none,none,,,KEEP,MEDIUM,documentation requires current/superseded navigation
docs/experiments/NOLLM_MINIMAL_ABLATION_EXPERIMENT_PLAN_20260616.md,md,docs/experiments,LEGACY,,HISTORICAL,development_or_reference,none,none,,,KEEP,MEDIUM,documentation requires current/superseded navigation
docs/field/DG2_FIELD_DYNAMICS_CONVENTIONS.md,md,docs/field,LEGACY,,HISTORICAL,development_or_reference,none,none,,,KEEP,MEDIUM,documentation requires current/superseded navigation
docs/field/DG2_FIELD_DYNAMICS_SCOPE.md,md,docs/field,LEGACY,,HISTORICAL,development_or_reference,none,none,,,KEEP,MEDIUM,documentation requires current/superseded navigation
docs/geometry/D1_PURE_GEOMETRY_KERNEL.md,md,docs/geometry,LEGACY,,HISTORICAL,development_or_reference,none,none,,,KEEP,MEDIUM,documentation requires current/superseded navigation
docs/geometry/D2_LOCAL_CHART_AND_GLUING_PROPOSAL.md,md,docs/geometry,LEGACY,,HISTORICAL,development_or_reference,none,none,,,KEEP,MEDIUM,documentation requires current/superseded navigation
docs/geometry/DG1_GEOMETRY_CONVENTIONS.md,md,docs/geometry,LEGACY,,HISTORICAL,development_or_reference,none,none,,,KEEP,MEDIUM,documentation requires current/superseded navigation
docs/geometry/DG1_GEOMETRY_KERNEL_SCOPE.md,md,docs/geometry,LEGACY,,HISTORICAL,development_or_reference,none,none,,,KEEP,MEDIUM,documentation requires current/superseded navigation
docs/geometry/G3_MULTI_STEP_COVERAGE_METRICS.md,md,docs/geometry,LEGACY,,HISTORICAL,development_or_reference,none,none,,,KEEP,MEDIUM,documentation requires current/superseded navigation
docs/geometry/G4_OFFSET_SAMPLING.md,md,docs/geometry,LEGACY,,HISTORICAL,development_or_reference,none,none,,,KEEP,MEDIUM,documentation requires current/superseded navigation
docs/geometry/G5_REVERSE_COVER_MILP.md,md,docs/geometry,LEGACY,,HISTORICAL,development_or_reference,none,none,,,KEEP,MEDIUM,documentation requires current/superseded navigation
docs/geometry/NOLLM_PARAMETER_PROFILE_REGISTRY.md,md,docs/geometry,LEGACY,,HISTORICAL,development_or_reference,none,none,,,KEEP,MEDIUM,documentation requires current/superseded navigation
docs/geometry/NOLLM_TRUE_TILING_ENGINEERING_REQUIREMENTS_20260616.md,md,docs/geometry,LEGACY,,HISTORICAL,development_or_reference,none,none,,,KEEP,MEDIUM,documentation requires current/superseded navigation
docs/history/M0_SUPERSEDED_ROUTE_INDEX.md,md,docs/history,LEGACY,,HISTORICAL,development_or_reference,none,none,,,KEEP,MEDIUM,documentation requires current/superseded navigation
docs/history/OPENCLAW_V2_MIGRATION_ASSET_BOUNDARY.md,md,docs/history,LEGACY,,HISTORICAL,development_or_reference,none,none,,,KEEP,MEDIUM,documentation requires current/superseded navigation
docs/history/V1_RETIREMENT_RECORD.md,md,docs/history,LEGACY,,HISTORICAL,development_or_reference,none,none,,,KEEP,MEDIUM,documentation requires current/superseded navigation
docs/implementation/MT1_ARCHIVE_INGEST_IMPLEMENTATION.md,md,docs/implementation,LEGACY,,HISTORICAL,development_or_reference,none,none,,,KEEP,MEDIUM,documentation requires current/superseded navigation
docs/integration/CX2_CODEX_USAGE_GUIDE.md,md,docs/integration,LEGACY,,HISTORICAL,development_or_reference,none,none,,,KEEP,MEDIUM,documentation requires current/superseded navigation
docs/integration/CX2_JSON_BRIDGE_EXAMPLES.md,md,docs/integration,LEGACY,,HISTORICAL,development_or_reference,none,none,,,KEEP,MEDIUM,documentation requires current/superseded navigation
docs/integration/CX2_OPENCLAW_FUTURE_BOUNDARY.md,md,docs/integration,LEGACY,,HISTORICAL,development_or_reference,none,none,,,KEEP,MEDIUM,documentation requires current/superseded navigation
docs/integration/HAG1_FILE_FIRST_EXPLICIT_ADMISSION_GATEWAY.md,md,docs/integration,LEGACY,,HISTORICAL,development_or_reference,none,none,,,KEEP,MEDIUM,documentation requires current/superseded navigation
docs/integration/HCG1_FILE_FIRST_CAPTURE_GATEWAY.md,md,docs/integration,LEGACY,,HISTORICAL,development_or_reference,none,none,,,KEEP,MEDIUM,documentation requires current/superseded navigation
docs/integration/HX1_TRUSTED_HOST_BRIDGE.md,md,docs/integration,LEGACY,,HISTORICAL,development_or_reference,none,none,,,KEEP,MEDIUM,documentation requires current/superseded navigation
docs/integration/LLM_INTEGRATION.md,md,docs/integration,LEGACY,,HISTORICAL,development_or_reference,none,none,,,KEEP,MEDIUM,documentation requires current/superseded navigation
docs/integration/openclaw/F0_NOLLM_MEMORY_PROVIDER_ALPHA.md,md,docs/integration/openclaw,LEGACY,,HISTORICAL,development_or_reference,none,none,,,KEEP,MEDIUM,documentation requires current/superseded navigation
docs/integration/openclaw/FUNCTIONAL_DEMO_REPORT.md,md,docs/integration/openclaw,LEGACY,,HISTORICAL,development_or_reference,none,none,,,KEEP,MEDIUM,documentation requires current/superseded navigation
docs/integration/openclaw/LEGACY_MEMORY_DEPRECATION.md,md,docs/integration/openclaw,LEGACY,,HISTORICAL,development_or_reference,none,none,,,KEEP,MEDIUM,documentation requires current/superseded navigation
docs/integration/openclaw/NOLLM_CORTEX_RECALL_SPINE.md,md,docs/integration/openclaw,LEGACY,,HISTORICAL,development_or_reference,none,none,,,KEEP,MEDIUM,documentation requires current/superseded navigation
docs/integration/openclaw/NOLLM_DREAMER_CONTRACT.md,md,docs/integration/openclaw,LEGACY,,HISTORICAL,development_or_reference,none,none,,,KEEP,MEDIUM,documentation requires current/superseded navigation
docs/integration/openclaw/NOLLM_LIMITATIONS.md,md,docs/integration/openclaw,LEGACY,,HISTORICAL,development_or_reference,none,none,,,KEEP,MEDIUM,documentation requires current/superseded navigation
docs/integration/openclaw/NOLLM_OPENCLAW_CONFIGURATION_GUIDE.md,md,docs/integration/openclaw,LEGACY,,HISTORICAL,development_or_reference,none,none,,,KEEP,MEDIUM,documentation requires current/superseded navigation
docs/integration/openclaw/NOLLM_OPENCLAW_INSTALLATION_GUIDE.md,md,docs/integration/openclaw,LEGACY,,HISTORICAL,development_or_reference,none,none,,,KEEP,MEDIUM,documentation requires current/superseded navigation
docs/integration/openclaw/NOLLM_OPENCLAW_LLM_USAGE_GUIDE.md,md,docs/integration/openclaw,LEGACY,,HISTORICAL,development_or_reference,none,none,,,KEEP,MEDIUM,documentation requires current/superseded navigation
docs/integration/openclaw/NOLLM_OPENCLAW_MEMORY_ADAPTER_DESIGN.md,md,docs/integration/openclaw,LEGACY,,HISTORICAL,development_or_reference,none,none,,,KEEP,MEDIUM,documentation requires current/superseded navigation
docs/integration/openclaw/NOLLM_OPENCLAW_MEMORY_LLM_PROMPT.md,md,docs/integration/openclaw,LEGACY,,HISTORICAL,development_or_reference,none,none,,,KEEP,MEDIUM,documentation requires current/superseded navigation
docs/integration/openclaw/NOLLM_OPENCLAW_MEMORY_TOOL_CONTRACT.md,md,docs/integration/openclaw,LEGACY,,HISTORICAL,development_or_reference,none,none,,,KEEP,MEDIUM,documentation requires current/superseded navigation
docs/integration/openclaw/NOLLM_OPENCLAW_PLUGIN_ARCHITECTURE.md,md,docs/integration/openclaw,LEGACY,,HISTORICAL,development_or_reference,none,none,,,KEEP,MEDIUM,documentation requires current/superseded navigation
docs/integration/openclaw/NOLLM_OPENCLAW_PLUGIN_ERROR_KB.md,md,docs/integration/openclaw,LEGACY,,HISTORICAL,development_or_reference,none,none,,,KEEP,MEDIUM,documentation requires current/superseded navigation
docs/integration/openclaw/NOLLM_OPENCLAW_PLUGIN_MAPPING_PROPOSAL.md,md,docs/integration/openclaw,LEGACY,,HISTORICAL,development_or_reference,none,none,,,KEEP,MEDIUM,documentation requires current/superseded navigation
docs/integration/openclaw/NOLLM_OPENCLAW_RUNTIME_DISCOVERY_REPORT.md,md,docs/integration/openclaw,LEGACY,,HISTORICAL,development_or_reference,none,none,,,KEEP,MEDIUM,documentation requires current/superseded navigation
docs/integration/openclaw/NOLLM_OPENCLAW_RUNTIME_PLUGIN_READINESS_REVIEW.md,md,docs/integration/openclaw,LEGACY,,HISTORICAL,development_or_reference,none,none,,,KEEP,MEDIUM,documentation requires current/superseded navigation
docs/integration/openclaw/NOLLM_OPENCLAW_SIDECAR_COMMAND_REFERENCE.md,md,docs/integration/openclaw,LEGACY,,HISTORICAL,development_or_reference,none,none,,,KEEP,MEDIUM,documentation requires current/superseded navigation
docs/integration/openclaw/OC1_OPENCLAW_MEMORY_FIXTURE_PARSER.md,md,docs/integration/openclaw,LEGACY,,HISTORICAL,development_or_reference,none,none,,,KEEP,MEDIUM,documentation requires current/superseded navigation
docs/integration/openclaw/OCP10_PRIMARY_RECALL_DIGEST_GROUNDING_REPORT.md,md,docs/integration/openclaw,LEGACY,,HISTORICAL,development_or_reference,none,none,,,KEEP,MEDIUM,documentation requires current/superseded navigation
docs/integration/openclaw/OCP3B_STRICT_LIVE_E2E_EVALUATION_REPORT.md,md,docs/integration/openclaw,LEGACY,,HISTORICAL,development_or_reference,none,none,,,KEEP,MEDIUM,documentation requires current/superseded navigation
docs/integration/openclaw/OCP3B_STRICT_LIVE_E2E_EVALUATION_RUNBOOK.md,md,docs/integration/openclaw,LEGACY,,HISTORICAL,development_or_reference,none,none,,,KEEP,MEDIUM,documentation requires current/superseded navigation
docs/integration/openclaw/OCP3_LIVE_E2E_EVALUATION_REPORT.md,md,docs/integration/openclaw,LEGACY,,HISTORICAL,development_or_reference,none,none,,,KEEP,MEDIUM,documentation requires current/superseded navigation
docs/integration/openclaw/OCP3_LIVE_E2E_EVALUATION_RUNBOOK.md,md,docs/integration/openclaw,LEGACY,,HISTORICAL,development_or_reference,none,none,,,KEEP,MEDIUM,documentation requires current/superseded navigation
docs/integration/openclaw/OCP6S_GEOMETRY_EXECUTION_REPORT.md,md,docs/integration/openclaw,LEGACY,,HISTORICAL,development_or_reference,none,none,,,KEEP,MEDIUM,documentation requires current/superseded navigation
docs/integration/openclaw/OCP7_LIVE_DREAMER_FIELD_LOOP_REPORT.md,md,docs/integration/openclaw,LEGACY,,HISTORICAL,development_or_reference,none,none,,,KEEP,MEDIUM,documentation requires current/superseded navigation
docs/integration/openclaw/OCP8_LIVE_DREAMER_SOURCE_DISTILLATION_REPORT.md,md,docs/integration/openclaw,LEGACY,,HISTORICAL,development_or_reference,none,none,,,KEEP,MEDIUM,documentation requires current/superseded navigation
docs/integration/openclaw/OCP9_LIVE_CORTEX_REPLY_LOOP_REPORT.md,md,docs/integration/openclaw,LEGACY,,HISTORICAL,development_or_reference,none,none,,,KEEP,MEDIUM,documentation requires current/superseded navigation
docs/integration/openclaw/OPENCLAW_ADAPTER_COMPATIBILITY.md,md,docs/integration/openclaw,LEGACY,,HISTORICAL,development_or_reference,none,none,,,KEEP,MEDIUM,documentation requires current/superseded navigation
docs/integration/openclaw/evidence/ocp10_primary_recall_digest_grounding_20260621.json,json,docs/integration/openclaw/evidence,LEGACY,,HISTORICAL,development_or_reference,none,none,,,KEEP,MEDIUM,documentation requires current/superseded navigation
docs/integration/openclaw/evidence/ocp3b_20260620_141159/README.md,md,docs/integration/openclaw/evidence/ocp3b_20260620_141159,LEGACY,,HISTORICAL,development_or_reference,none,none,,,KEEP,MEDIUM,documentation requires current/superseded navigation
docs/integration/openclaw/evidence/ocp3b_20260620_141159/agent_turn_summary.json,json,docs/integration/openclaw/evidence/ocp3b_20260620_141159,LEGACY,,HISTORICAL,development_or_reference,none,none,,,KEEP,MEDIUM,documentation requires current/superseded navigation
docs/integration/openclaw/evidence/ocp3b_20260620_141159/config_control_proof.json,json,docs/integration/openclaw/evidence/ocp3b_20260620_141159,LEGACY,,HISTORICAL,development_or_reference,none,none,,,KEEP,MEDIUM,documentation requires current/superseded navigation
docs/integration/openclaw/evidence/ocp3b_20260620_141159/environment.json,json,docs/integration/openclaw/evidence/ocp3b_20260620_141159,LEGACY,,HISTORICAL,development_or_reference,none,none,,,KEEP,MEDIUM,documentation requires current/superseded navigation
docs/integration/openclaw/evidence/ocp3b_20260620_141159/evidence_manifest.json,json,docs/integration/openclaw/evidence/ocp3b_20260620_141159,LEGACY,,HISTORICAL,development_or_reference,none,none,,,KEEP,MEDIUM,documentation requires current/superseded navigation
docs/integration/openclaw/evidence/ocp3b_20260620_141159/fixture_hashes_after.json,json,docs/integration/openclaw/evidence/ocp3b_20260620_141159,LEGACY,,HISTORICAL,development_or_reference,none,none,,,KEEP,MEDIUM,documentation requires current/superseded navigation
docs/integration/openclaw/evidence/ocp3b_20260620_141159/fixture_hashes_before.json,json,docs/integration/openclaw/evidence/ocp3b_20260620_141159,LEGACY,,HISTORICAL,development_or_reference,none,none,,,KEEP,MEDIUM,documentation requires current/superseded navigation
docs/integration/openclaw/evidence/ocp3b_20260620_141159/gateway_log_excerpt.txt,txt,docs/integration/openclaw/evidence/ocp3b_20260620_141159,LEGACY,,HISTORICAL,development_or_reference,none,none,,,KEEP,MEDIUM,documentation requires current/superseded navigation
docs/integration/openclaw/evidence/ocp3b_20260620_141159/memory_core_repair.json,json,docs/integration/openclaw/evidence/ocp3b_20260620_141159,LEGACY,,HISTORICAL,development_or_reference,none,none,,,KEEP,MEDIUM,documentation requires current/superseded navigation
docs/integration/openclaw/evidence/ocp3b_20260620_141159/run_manifest.json,json,docs/integration/openclaw/evidence/ocp3b_20260620_141159,LEGACY,,HISTORICAL,development_or_reference,none,none,,,KEEP,MEDIUM,documentation requires current/superseded navigation
docs/integration/openclaw/evidence/ocp3b_20260620_141159/runtime_plugin_inspect.json,json,docs/integration/openclaw/evidence/ocp3b_20260620_141159,LEGACY,,HISTORICAL,development_or_reference,none,none,,,KEEP,MEDIUM,documentation requires current/superseded navigation
docs/integration/openclaw/evidence/ocp3b_20260620_141159/scoring_report.json,json,docs/integration/openclaw/evidence/ocp3b_20260620_141159,LEGACY,,HISTORICAL,development_or_reference,none,none,,,KEEP,MEDIUM,documentation requires current/superseded navigation
docs/integration/openclaw/evidence/ocp3b_20260620_141159/tool_trace_summary.jsonl,jsonl,docs/integration/openclaw/evidence/ocp3b_20260620_141159,LEGACY,,HISTORICAL,development_or_reference,none,none,,,KEEP,MEDIUM,documentation requires current/superseded navigation
docs/integration/openclaw/evidence/ocp7_20260620_live_dreamer_attempt.json,json,docs/integration/openclaw/evidence,LEGACY,,HISTORICAL,development_or_reference,none,none,,,KEEP,MEDIUM,documentation requires current/superseded navigation
docs/integration/openclaw/evidence/ocp8_20260620_live_dreamer_distillation.json,json,docs/integration/openclaw/evidence,LEGACY,,HISTORICAL,development_or_reference,none,none,,,KEEP,MEDIUM,documentation requires current/superseded navigation
docs/integration/openclaw/evidence/ocp9_live_cortex_reply_loop_20260621.json,json,docs/integration/openclaw/evidence,LEGACY,,HISTORICAL,development_or_reference,none,none,,,KEEP,MEDIUM,documentation requires current/superseded navigation
docs/integration/openclaw/evidence/w2_04_runtime_truthfulness_rollback_20260628/README.md,md,docs/integration/openclaw/evidence/w2_04_runtime_truthfulness_rollback_20260628,LEGACY,,HISTORICAL,development_or_reference,none,none,,,KEEP,MEDIUM,documentation requires current/superseded navigation
docs/integration/openclaw/evidence/w2_04_runtime_truthfulness_rollback_20260628/evidence_manifest.json,json,docs/integration/openclaw/evidence/w2_04_runtime_truthfulness_rollback_20260628,LEGACY,,HISTORICAL,development_or_reference,none,none,,,KEEP,MEDIUM,documentation requires current/superseded navigation
docs/integration/openclaw/evidence/w2_05_forensic_quarantine_20260628/FINAL_RECEIPT.md,md,docs/integration/openclaw/evidence/w2_05_forensic_quarantine_20260628,DISTRIBUTION,,HISTORICAL,development_or_reference,none,none,,,KEEP,HIGH,delivery history
docs/integration/openclaw/evidence/w2_05_forensic_quarantine_20260628/README.md,md,docs/integration/openclaw/evidence/w2_05_forensic_quarantine_20260628,LEGACY,,HISTORICAL,development_or_reference,none,none,,,KEEP,MEDIUM,documentation requires current/superseded navigation
docs/integration/openclaw/evidence/w2_05_forensic_quarantine_20260628/runtime_probe/apply.json,json,docs/integration/openclaw/evidence/w2_05_forensic_quarantine_20260628/runtime_probe,LEGACY,,HISTORICAL,development_or_reference,none,none,,,KEEP,MEDIUM,documentation requires current/superseded navigation
docs/integration/openclaw/evidence/w2_05_forensic_quarantine_20260628/runtime_probe/binding-probe/invalid-openclaw.json,json,docs/integration/openclaw/evidence/w2_05_forensic_quarantine_20260628/runtime_probe/binding-probe,LEGACY,,HISTORICAL,development_or_reference,none,none,,,KEEP,MEDIUM,documentation requires current/superseded navigation
docs/integration/openclaw/evidence/w2_05_forensic_quarantine_20260628/runtime_probe/operations/w2-05-20260628T000005Z-abcdef123456/apply.json,json,docs/integration/openclaw/evidence/w2_05_forensic_quarantine_20260628/runtime_probe/operations/w2-05-20260628T000005Z-abcdef123456,LEGACY,,HISTORICAL,development_or_reference,none,none,,,KEEP,MEDIUM,documentation requires current/superseded navigation
docs/integration/openclaw/evidence/w2_05_forensic_quarantine_20260628/runtime_probe/operations/w2-05-20260628T000005Z-abcdef123456/operation-ledger.jsonl,jsonl,docs/integration/openclaw/evidence/w2_05_forensic_quarantine_20260628/runtime_probe/operations/w2-05-20260628T000005Z-abcdef123456,LEGACY,,HISTORICAL,development_or_reference,none,none,,,KEEP,MEDIUM,documentation requires current/superseded navigation
docs/integration/openclaw/evidence/w2_05_forensic_quarantine_20260628/runtime_probe/operations/w2-05-20260628T000005Z-abcdef123456/operation.json,json,docs/integration/openclaw/evidence/w2_05_forensic_quarantine_20260628/runtime_probe/operations/w2-05-20260628T000005Z-abcdef123456,LEGACY,,HISTORICAL,development_or_reference,none,none,,,KEEP,MEDIUM,documentation requires current/superseded navigation
docs/integration/openclaw/evidence/w2_05_forensic_quarantine_20260628/runtime_probe/operations/w2-05-20260628T000005Z-abcdef123456/receipts/target-capability-plan.json,json,docs/integration/openclaw/evidence/w2_05_forensic_quarantine_20260628/runtime_probe/operations/w2-05-20260628T000005Z-abcdef123456/receipts,LEGACY,,HISTORICAL,development_or_reference,none,none,,,KEEP,MEDIUM,documentation requires current/superseded navigation
docs/integration/openclaw/evidence/w2_05_forensic_quarantine_20260628/runtime_probe/target-capability-plan.json,json,docs/integration/openclaw/evidence/w2_05_forensic_quarantine_20260628/runtime_probe,LEGACY,,HISTORICAL,development_or_reference,none,none,,,KEEP,MEDIUM,documentation requires current/superseded navigation
docs/integration/openclaw/issues/FA-ISSUE-10-loader-local-memory-plugin.md,md,docs/integration/openclaw/issues,LEGACY,,HISTORICAL,development_or_reference,none,none,,,KEEP,MEDIUM,documentation requires current/superseded navigation
docs/integration/openclaw/issues/FA-ISSUE-11-memorysearchmanager-caller-context.md,md,docs/integration/openclaw/issues,LEGACY,,HISTORICAL,development_or_reference,none,none,,,KEEP,MEDIUM,documentation requires current/superseded navigation
docs/issues/FUNCTIONAL_ALPHA_OPEN_ISSUES.md,md,docs/issues,LEGACY,,HISTORICAL,development_or_reference,none,none,,,KEEP,MEDIUM,documentation requires current/superseded navigation
docs/mt1/MT1_R12_OPERATIONAL_SAFE_STORAGE_CONTRACT.md,md,docs/mt1,LEGACY,,HISTORICAL,development_or_reference,none,none,,,KEEP,MEDIUM,documentation requires current/superseded navigation
docs/philosophy/anchor-is-field-not-folder.md,md,docs/philosophy,LEGACY,,HISTORICAL,development_or_reference,none,none,,,KEEP,MEDIUM,documentation requires current/superseded navigation
docs/philosophy/anti-infinite-index.md,md,docs/philosophy,LEGACY,,HISTORICAL,development_or_reference,none,none,,,KEEP,MEDIUM,documentation requires current/superseded navigation
docs/philosophy/architecture-is-the-index.md,md,docs/philosophy,LEGACY,,HISTORICAL,development_or_reference,none,none,,,KEEP,MEDIUM,documentation requires current/superseded navigation
docs/philosophy/core-vs-cortex.md,md,docs/philosophy,LEGACY,,HISTORICAL,development_or_reference,none,none,,,KEEP,MEDIUM,documentation requires current/superseded navigation
docs/philosophy/layered-honeycomb-memory-field.md,md,docs/philosophy,LEGACY,,HISTORICAL,development_or_reference,none,none,,,KEEP,MEDIUM,documentation requires current/superseded navigation
docs/philosophy/not-an-llm.md,md,docs/philosophy,LEGACY,,HISTORICAL,development_or_reference,none,none,,,KEEP,MEDIUM,documentation requires current/superseded navigation
docs/philosophy/scale-scan-not-tree-descent.md,md,docs/philosophy,LEGACY,,HISTORICAL,development_or_reference,none,none,,,KEEP,MEDIUM,documentation requires current/superseded navigation
docs/philosophy/sqlite-as-audit-projection.md,md,docs/philosophy,LEGACY,,HISTORICAL,development_or_reference,none,none,,,KEEP,MEDIUM,documentation requires current/superseded navigation
docs/project/M0_STARTING_STATE.md,md,docs/project,DISTRIBUTION,,ACTIVE,development_or_reference,none,none,,,KEEP,HIGH,current M0 project governance
docs/project/NOLLM_COMPONENT_PROGRESS_TABLE_V2_2.md,md,docs/project,LEGACY,,HISTORICAL,development_or_reference,none,none,,,KEEP,MEDIUM,documentation requires current/superseded navigation
docs/project/NOLLM_CURRENT_STATUS.md,md,docs/project,DISTRIBUTION,,ACTIVE,development_or_reference,none,none,,,KEEP,HIGH,current M0 project governance
docs/project/NOLLM_FUTURE_REPOSITORY_SPLIT_PLAN.md,md,docs/project,DISTRIBUTION,,ACTIVE,development_or_reference,none,none,,,KEEP,HIGH,current M0 project governance
docs/project/NOLLM_REPOSITORY_COMPATIBILITY_MATRIX.md,md,docs/project,DISTRIBUTION,,ACTIVE,development_or_reference,none,none,,,KEEP,HIGH,current M0 project governance
docs/project/NOLLM_SOURCE_TOPOLOGY_V2.md,md,docs/project,LEGACY,,HISTORICAL,development_or_reference,none,none,,,KEEP,MEDIUM,documentation requires current/superseded navigation
docs/recall/DR1_RECALL_RESOLVER_SCOPE.md,md,docs/recall,LEGACY,,HISTORICAL,development_or_reference,none,none,,,KEEP,MEDIUM,documentation requires current/superseded navigation
docs/releases/NOLLM_ENGINEERING_GRAVITY_RC_ARTIFACT_HASHES_20260618.json,json,docs/releases,LEGACY,,HISTORICAL,development_or_reference,none,none,,,KEEP,MEDIUM,documentation requires current/superseded navigation
docs/releases/NOLLM_ENGINEERING_GRAVITY_RC_AUDIT_20260618.md,md,docs/releases,LEGACY,,HISTORICAL,development_or_reference,none,none,,,KEEP,MEDIUM,documentation requires current/superseded navigation
docs/releases/NOLLM_ENGINEERING_GRAVITY_RC_EVALUATION_GUIDE_20260618.md,md,docs/releases,LEGACY,,HISTORICAL,development_or_reference,none,none,,,KEEP,MEDIUM,documentation requires current/superseded navigation
docs/releases/NOLLM_ENGINEERING_GRAVITY_RC_EXPORT_MANIFEST_20260618.json,json,docs/releases,LEGACY,,HISTORICAL,development_or_reference,none,none,,,KEEP,MEDIUM,documentation requires current/superseded navigation
docs/releases/NOLLM_ENGINEERING_GRAVITY_RC_EXPORT_MANIFEST_20260618.md,md,docs/releases,LEGACY,,HISTORICAL,development_or_reference,none,none,,,KEEP,MEDIUM,documentation requires current/superseded navigation
docs/releases/NOLLM_ENGINEERING_GRAVITY_RC_FINAL_SMOKE_20260619.md,md,docs/releases,LEGACY,,HISTORICAL,development_or_reference,none,none,,,KEEP,MEDIUM,documentation requires current/superseded navigation
docs/releases/NOLLM_ENGINEERING_GRAVITY_RC_FREEZE_20260618.md,md,docs/releases,LEGACY,,HISTORICAL,development_or_reference,none,none,,,KEEP,MEDIUM,documentation requires current/superseded navigation
docs/releases/NOLLM_ENGINEERING_GRAVITY_RC_TEST_SHARDS_20260619.md,md,docs/releases,LEGACY,,HISTORICAL,development_or_reference,none,none,,,KEEP,MEDIUM,documentation requires current/superseded navigation
docs/roadmap/MT1_R12_OPERATIONAL_SAFE_STORAGE_CONTRACT.md,md,docs/roadmap,LEGACY,,HISTORICAL,development_or_reference,none,none,,,KEEP,MEDIUM,documentation requires current/superseded navigation
docs/roadmap/NOLLM_ENGINEERING_ROADMAP_V4_20260616.md,md,docs/roadmap,LEGACY,,HISTORICAL,development_or_reference,none,none,,,KEEP,MEDIUM,documentation requires current/superseded navigation
docs/roadmap/NOLLM_MEMORY_TAKEOVER_OUTLINE_V1_20260621.md,md,docs/roadmap,LEGACY,,HISTORICAL,development_or_reference,none,none,,,KEEP,MEDIUM,documentation requires current/superseded navigation
docs/roadmap/NOLLM_P1_ARCHIVE_INGEST_AND_CUTOVER_FOUNDATION_PLAN_20260621.md,md,docs/roadmap,LEGACY,,HISTORICAL,development_or_reference,none,none,,,KEEP,MEDIUM,documentation requires current/superseded navigation
docs/roadmap/NOLLM_PROJECT_SPEC_V5_ACTIVE_MEMORY_TAKEOVER_20260621.md,md,docs/roadmap,LEGACY,,HISTORICAL,development_or_reference,none,none,,,KEEP,MEDIUM,documentation requires current/superseded navigation
docs/testing/NOLLM_BOUNDED_COMPLETE_TEST_MATRIX.md,md,docs/testing,LEGACY,,HISTORICAL,development_or_reference,none,none,,,KEEP,MEDIUM,documentation requires current/superseded navigation
docs/validation/BA1_BATCH_ADMISSION_BASELINE_REPORT.md,md,docs/validation,LEGACY,,HISTORICAL,development_or_reference,none,none,,,KEEP,MEDIUM,documentation requires current/superseded navigation
docs/validation/CI1_CAPTURE_INGRESS_BASELINE_REPORT.md,md,docs/validation,LEGACY,,HISTORICAL,development_or_reference,none,none,,,KEEP,MEDIUM,documentation requires current/superseded navigation
docs/validation/CX1_CAPTURE_DEFERRED_VISIBILITY_SYNTHETIC_REPORT.md,md,docs/validation,LEGACY,,HISTORICAL,development_or_reference,none,none,,,KEEP,MEDIUM,documentation requires current/superseded navigation
docs/validation/CX2_EXTERNAL_CORTEX_INTEGRATION_CONFORMANCE_REPORT.md,md,docs/validation,LEGACY,,HISTORICAL,development_or_reference,none,none,,,KEEP,MEDIUM,documentation requires current/superseded navigation
docs/validation/DA1_MEMORY_ADMISSION_BASELINE_REPORT.md,md,docs/validation,LEGACY,,HISTORICAL,development_or_reference,none,none,,,KEEP,MEDIUM,documentation requires current/superseded navigation
docs/validation/DC1_CORTEX_COMPILER_BASELINE_REPORT.md,md,docs/validation,LEGACY,,HISTORICAL,development_or_reference,none,none,,,KEEP,MEDIUM,documentation requires current/superseded navigation
docs/validation/DE1_MEMORY_SUBSTRATE_BASELINE_REPORT.md,md,docs/validation,LEGACY,,HISTORICAL,development_or_reference,none,none,,,KEEP,MEDIUM,documentation requires current/superseded navigation
docs/validation/DG1_PURE_GEOMETRY_BASELINE_REPORT.md,md,docs/validation,LEGACY,,HISTORICAL,development_or_reference,none,none,,,KEEP,MEDIUM,documentation requires current/superseded navigation
docs/validation/DG2_FIELD_DYNAMICS_BASELINE_REPORT.md,md,docs/validation,LEGACY,,HISTORICAL,development_or_reference,none,none,,,KEEP,MEDIUM,documentation requires current/superseded navigation
docs/validation/DG5_EVIDENCE_PRESERVING_COMPACTION_REPORT.md,md,docs/validation,LEGACY,,HISTORICAL,development_or_reference,none,none,,,KEEP,MEDIUM,documentation requires current/superseded navigation
docs/validation/DG6_ISOLATED_SNAPSHOT_COMPACTION_ADAPTER_REPORT.md,md,docs/validation,LEGACY,,HISTORICAL,development_or_reference,none,none,,,KEEP,MEDIUM,documentation requires current/superseded navigation
docs/validation/DG7_REFERENCE_RUNTIME_POSITIVE_VERIFICATION_REPORT.md,md,docs/validation,LEGACY,,HISTORICAL,development_or_reference,none,none,,,KEEP,MEDIUM,documentation requires current/superseded navigation
docs/validation/DI1_INTEGRATION_SHELL_BASELINE_REPORT.md,md,docs/validation,LEGACY,,HISTORICAL,development_or_reference,none,none,,,KEEP,MEDIUM,documentation requires current/superseded navigation
docs/validation/DR1_RECALL_RESOLVER_BASELINE_REPORT.md,md,docs/validation,LEGACY,,HISTORICAL,development_or_reference,none,none,,,KEEP,MEDIUM,documentation requires current/superseded navigation
docs/validation/DX1_SYNTHETIC_MEMORY_CYCLE_BASELINE_REPORT.md,md,docs/validation,LEGACY,,HISTORICAL,development_or_reference,none,none,,,KEEP,MEDIUM,documentation requires current/superseded navigation
docs/validation/DX2_MULTI_ADMISSION_ASSEMBLY_RECALL_BASELINE_REPORT.md,md,docs/validation,LEGACY,,HISTORICAL,development_or_reference,none,none,,,KEEP,MEDIUM,documentation requires current/superseded navigation
docs/validation/DX2_MULTI_ADMISSION_ASSEMBLY_RECALL_SCOPE.md,md,docs/validation,LEGACY,,HISTORICAL,development_or_reference,none,none,,,KEEP,MEDIUM,documentation requires current/superseded navigation
docs/validation/GAT1_CHART_GROUPOID_BASELINE_REPORT.md,md,docs/validation,LEGACY,,HISTORICAL,development_or_reference,none,none,,,KEEP,MEDIUM,documentation requires current/superseded navigation
docs/validation/GAT1_CHART_GROUPOID_SCOPE.md,md,docs/validation,LEGACY,,HISTORICAL,development_or_reference,none,none,,,KEEP,MEDIUM,documentation requires current/superseded navigation
docs/validation/GCM1_SPARSE_COLLISION_TRACE_COMPACTION_BASELINE_REPORT.md,md,docs/validation,LEGACY,,HISTORICAL,development_or_reference,none,none,,,KEEP,MEDIUM,documentation requires current/superseded navigation
docs/validation/GCM1_SPARSE_COLLISION_TRACE_COMPACTION_SCOPE.md,md,docs/validation,LEGACY,,HISTORICAL,development_or_reference,none,none,,,KEEP,MEDIUM,documentation requires current/superseded navigation
docs/validation/GEO1_FINITE_GEOMETRY_EVIDENCE_LEDGER.md,md,docs/validation,LEGACY,,HISTORICAL,development_or_reference,none,none,,,KEEP,MEDIUM,documentation requires current/superseded navigation
docs/validation/GEO1_PRODUCTION_FREEZE_DECISION.md,md,docs/validation,LEGACY,,HISTORICAL,development_or_reference,none,none,,,KEEP,MEDIUM,documentation requires current/superseded navigation
docs/validation/GEO1_SCOPE.md,md,docs/validation,LEGACY,,HISTORICAL,development_or_reference,none,none,,,KEEP,MEDIUM,documentation requires current/superseded navigation
docs/validation/GKC1_DIRECTIONAL_KERNEL_COMPOSITION_BASELINE_REPORT.md,md,docs/validation,LEGACY,,HISTORICAL,development_or_reference,none,none,,,KEEP,MEDIUM,documentation requires current/superseded navigation
docs/validation/GKC1_DIRECTIONAL_KERNEL_COMPOSITION_SCOPE.md,md,docs/validation,LEGACY,,HISTORICAL,development_or_reference,none,none,,,KEEP,MEDIUM,documentation requires current/superseded navigation
docs/validation/GKD1_BIDIRECTIONAL_COVERAGE_BASELINE_REPORT.md,md,docs/validation,LEGACY,,HISTORICAL,development_or_reference,none,none,,,KEEP,MEDIUM,documentation requires current/superseded navigation
docs/validation/GKD1_BIDIRECTIONAL_COVERAGE_SCOPE.md,md,docs/validation,LEGACY,,HISTORICAL,development_or_reference,none,none,,,KEEP,MEDIUM,documentation requires current/superseded navigation
docs/validation/GPR1_GEOMETRY_PROFILE_REGIME_BASELINE_REPORT.md,md,docs/validation,LEGACY,,HISTORICAL,development_or_reference,none,none,,,KEEP,MEDIUM,documentation requires current/superseded navigation
docs/validation/GPR1_GEOMETRY_PROFILE_REGIME_SCOPE.md,md,docs/validation,LEGACY,,HISTORICAL,development_or_reference,none,none,,,KEEP,MEDIUM,documentation requires current/superseded navigation
docs/validation/GRA1_ROTATION_SCALE_RESONANCE_BASELINE_REPORT.md,md,docs/validation,LEGACY,,HISTORICAL,development_or_reference,none,none,,,KEEP,MEDIUM,documentation requires current/superseded navigation
docs/validation/GRA1_ROTATION_SCALE_RESONANCE_SCOPE.md,md,docs/validation,LEGACY,,HISTORICAL,development_or_reference,none,none,,,KEEP,MEDIUM,documentation requires current/superseded navigation
docs/validation/GRC1_RESONANCE_CONDITIONED_COVERAGE_BASELINE_REPORT.md,md,docs/validation,LEGACY,,HISTORICAL,development_or_reference,none,none,,,KEEP,MEDIUM,documentation requires current/superseded navigation
docs/validation/GRC1_RESONANCE_CONDITIONED_COVERAGE_SCOPE.md,md,docs/validation,LEGACY,,HISTORICAL,development_or_reference,none,none,,,KEEP,MEDIUM,documentation requires current/superseded navigation
docs/validation/GRF7R_EVIDENCE_INTEGRITY_REPORT.md,md,docs/validation,LEGACY,,HISTORICAL,development_or_reference,none,none,,,KEEP,MEDIUM,documentation requires current/superseded navigation
docs/validation/GSC1_SPARSE_SHARD_SCALE_COVERAGE_BASELINE_REPORT.md,md,docs/validation,LEGACY,,HISTORICAL,development_or_reference,none,none,,,KEEP,MEDIUM,documentation requires current/superseded navigation
docs/validation/GSC1_SPARSE_SHARD_SCALE_COVERAGE_SCOPE.md,md,docs/validation,LEGACY,,HISTORICAL,development_or_reference,none,none,,,KEEP,MEDIUM,documentation requires current/superseded navigation
docs/validation/GVR1_TRANSLATION_VARIATION_BASELINE_REPORT.md,md,docs/validation,LEGACY,,HISTORICAL,development_or_reference,none,none,,,KEEP,MEDIUM,documentation requires current/superseded navigation
docs/validation/GVR1_TRANSLATION_VARIATION_SCOPE.md,md,docs/validation,LEGACY,,HISTORICAL,development_or_reference,none,none,,,KEEP,MEDIUM,documentation requires current/superseded navigation
docs/validation/HAG1_VALIDATION_REPORT.md,md,docs/validation,LEGACY,,HISTORICAL,development_or_reference,none,none,,,KEEP,MEDIUM,documentation requires current/superseded navigation
docs/validation/HCG1_FILE_FIRST_CAPTURE_GATEWAY_REPORT.md,md,docs/validation,LEGACY,,HISTORICAL,development_or_reference,none,none,,,KEEP,MEDIUM,documentation requires current/superseded navigation
docs/validation/HX1_C4_SOURCE_INDEPENDENT_WORKROOT_CLOSURE_REPORT.md,md,docs/validation,LEGACY,,HISTORICAL,development_or_reference,none,none,,,KEEP,MEDIUM,documentation requires current/superseded navigation
docs/validation/HX1_TRUSTED_HOST_STAGED_EXECUTION_REPORT.md,md,docs/validation,LEGACY,,HISTORICAL,development_or_reference,none,none,,,KEEP,MEDIUM,documentation requires current/superseded navigation
docs/validation/HXA1_TRUSTED_HOST_FINAL_ACCEPTANCE_REPORT.md,md,docs/validation,LEGACY,,HISTORICAL,development_or_reference,none,none,,,KEEP,MEDIUM,documentation requires current/superseded navigation
docs/validation/M0_BEHAVIOR_PRESERVATION_REPORT.md,md,docs/validation,LAB,,ACTIVE,development_or_reference,development-only results,none,,,KEEP,HIGH,current M0 validation record
docs/validation/NOLLM_GRF1A_VALIDATION_REPORT.md,md,docs/validation,LEGACY,,HISTORICAL,development_or_reference,none,none,,,KEEP,MEDIUM,documentation requires current/superseded navigation
docs/validation/NOLLM_GRF1B_VALIDATION_REPORT.md,md,docs/validation,LEGACY,,HISTORICAL,development_or_reference,none,none,,,KEEP,MEDIUM,documentation requires current/superseded navigation
docs/validation/NOLLM_GRF1CDE_VALIDATION_REPORT.md,md,docs/validation,LEGACY,,HISTORICAL,development_or_reference,none,none,,,KEEP,MEDIUM,documentation requires current/superseded navigation
docs/validation/NOLLM_GRF1FH_VALIDATION_REPORT.md,md,docs/validation,LEGACY,,HISTORICAL,development_or_reference,none,none,,,KEEP,MEDIUM,documentation requires current/superseded navigation
docs/validation/NOLLM_GRF1IK_VALIDATION_REPORT.md,md,docs/validation,LEGACY,,HISTORICAL,development_or_reference,none,none,,,KEEP,MEDIUM,documentation requires current/superseded navigation
docs/validation/NOLLM_GRF1LM_VALIDATION_REPORT.md,md,docs/validation,LEGACY,,HISTORICAL,development_or_reference,none,none,,,KEEP,MEDIUM,documentation requires current/superseded navigation
docs/validation/NOLLM_GRF1OPQ_VALIDATION_REPORT.md,md,docs/validation,LEGACY,,HISTORICAL,development_or_reference,none,none,,,KEEP,MEDIUM,documentation requires current/superseded navigation
docs/validation/NOLLM_GRF2R_FAILURE_REPORT.md,md,docs/validation,LEGACY,,HISTORICAL,development_or_reference,none,none,,,KEEP,MEDIUM,documentation requires current/superseded navigation
docs/validation/NOLLM_GRF2R_REAL_SCALE_VALIDATION_REPORT.md,md,docs/validation,LEGACY,,HISTORICAL,development_or_reference,none,none,,,KEEP,MEDIUM,documentation requires current/superseded navigation
docs/validation/NOLLM_GRF2_VALIDATION_REPORT.md,md,docs/validation,LEGACY,,HISTORICAL,development_or_reference,none,none,,,KEEP,MEDIUM,documentation requires current/superseded navigation
docs/validation/NOLLM_GRF3R2_VALIDATION_REPORT.md,md,docs/validation,LEGACY,,HISTORICAL,development_or_reference,none,none,,,KEEP,MEDIUM,documentation requires current/superseded navigation
docs/validation/NOLLM_GRF3R_END_TO_END_CONFORMANCE_REPORT.md,md,docs/validation,LEGACY,,HISTORICAL,development_or_reference,none,none,,,KEEP,MEDIUM,documentation requires current/superseded navigation
docs/validation/NOLLM_GRF3_VALIDATION_REPORT.md,md,docs/validation,LEGACY,,HISTORICAL,development_or_reference,none,none,,,KEEP,MEDIUM,documentation requires current/superseded navigation
docs/validation/NOLLM_GRF4R_FINAL_VALIDATION_REPORT.md,md,docs/validation,LEGACY,,HISTORICAL,development_or_reference,none,none,,,KEEP,MEDIUM,documentation requires current/superseded navigation
docs/validation/NOLLM_GRF4R_GATE_A_HOST_LIFECYCLE_REPORT.md,md,docs/validation,LEGACY,,HISTORICAL,development_or_reference,none,none,,,KEEP,MEDIUM,documentation requires current/superseded navigation
docs/validation/NOLLM_GRF4R_GATE_B_ADAPTER_CONFORMANCE_REPORT.md,md,docs/validation,LEGACY,,HISTORICAL,development_or_reference,none,none,,,KEEP,MEDIUM,documentation requires current/superseded navigation
docs/validation/NOLLM_GRF4R_GATE_C_BENCHMARK_REPORT.md,md,docs/validation,LEGACY,,HISTORICAL,development_or_reference,none,none,,,KEEP,MEDIUM,documentation requires current/superseded navigation
docs/validation/NOLLM_GRF4R_GATE_D_FAILURE_RECOVERY_REPORT.md,md,docs/validation,LEGACY,,HISTORICAL,development_or_reference,none,none,,,KEEP,MEDIUM,documentation requires current/superseded navigation
docs/validation/NOLLM_GRF4R_GATE_E_ARCHITECTURE_READINESS_REPORT.md,md,docs/validation,LEGACY,,HISTORICAL,development_or_reference,none,none,,,KEEP,MEDIUM,documentation requires current/superseded navigation
docs/validation/NOLLM_GRF4_COMPATIBILITY_REPORT.md,md,docs/validation,LEGACY,,HISTORICAL,development_or_reference,none,none,,,KEEP,MEDIUM,documentation requires current/superseded navigation
docs/validation/NOLLM_GRF4_FAILURE_REPORT.md,md,docs/validation,LEGACY,,HISTORICAL,development_or_reference,none,none,,,KEEP,MEDIUM,documentation requires current/superseded navigation
docs/validation/NOLLM_GRF4_HOST_INTEGRATION_REPORT.md,md,docs/validation,LEGACY,,HISTORICAL,development_or_reference,none,none,,,KEEP,MEDIUM,documentation requires current/superseded navigation
docs/validation/NOLLM_GRF4_PERFORMANCE_REPORT.md,md,docs/validation,LEGACY,,HISTORICAL,development_or_reference,none,none,,,KEEP,MEDIUM,documentation requires current/superseded navigation
docs/validation/NOLLM_GRF4_VALIDATION_REPORT.md,md,docs/validation,LEGACY,,HISTORICAL,development_or_reference,none,none,,,KEEP,MEDIUM,documentation requires current/superseded navigation
docs/validation/NOLLM_GRF5_COMPATIBILITY_REPORT.md,md,docs/validation,LEGACY,,HISTORICAL,development_or_reference,none,none,,,KEEP,MEDIUM,documentation requires current/superseded navigation
docs/validation/NOLLM_GRF5_EVOLUTION_REPORT.md,md,docs/validation,LEGACY,,HISTORICAL,development_or_reference,none,none,,,KEEP,MEDIUM,documentation requires current/superseded navigation
docs/validation/NOLLM_GRF5_MIGRATION_REPORT.md,md,docs/validation,LEGACY,,HISTORICAL,development_or_reference,none,none,,,KEEP,MEDIUM,documentation requires current/superseded navigation
docs/validation/NOLLM_GRF5_PERFORMANCE_REPORT.md,md,docs/validation,LEGACY,,HISTORICAL,development_or_reference,none,none,,,KEEP,MEDIUM,documentation requires current/superseded navigation
docs/validation/NOLLM_GRF7R2_WINDOWS_FINAL_ACCEPTANCE_REPORT.md,md,docs/validation,LEGACY,,HISTORICAL,development_or_reference,none,none,,,KEEP,MEDIUM,documentation requires current/superseded navigation
docs/validation/NOLLM_GRF7R3_FINAL_ACCEPTANCE_REPORT.md,md,docs/validation,LEGACY,,HISTORICAL,development_or_reference,none,none,,,KEEP,MEDIUM,documentation requires current/superseded navigation
docs/validation/NOLLM_GRF7R4_FINAL_ACCEPTANCE_REPORT.md,md,docs/validation,LEGACY,,HISTORICAL,development_or_reference,none,none,,,KEEP,MEDIUM,documentation requires current/superseded navigation
docs/validation/NOLLM_GRF7_CROSS_PARTITION_RECALL_REPORT.md,md,docs/validation,LEGACY,,HISTORICAL,development_or_reference,none,none,,,KEEP,MEDIUM,documentation requires current/superseded navigation
docs/validation/NOLLM_GRF7_CROSS_PARTITION_STITCH_REPORT.md,md,docs/validation,LEGACY,,HISTORICAL,development_or_reference,none,none,,,KEEP,MEDIUM,documentation requires current/superseded navigation
docs/validation/NOLLM_GRF7_FINAL_VALIDATION_REPORT.md,md,docs/validation,LEGACY,,HISTORICAL,development_or_reference,none,none,,,KEEP,MEDIUM,documentation requires current/superseded navigation
docs/validation/NOLLM_GRF7_GLOBAL_DIRECTORY_REPORT.md,md,docs/validation,LEGACY,,HISTORICAL,development_or_reference,none,none,,,KEEP,MEDIUM,documentation requires current/superseded navigation
docs/validation/NOLLM_GRF7_INCREMENTAL_REPARTITION_REPORT.md,md,docs/validation,LEGACY,,HISTORICAL,development_or_reference,none,none,,,KEEP,MEDIUM,documentation requires current/superseded navigation
docs/validation/NOLLM_GRF7_LIMITATIONS_AND_FAILURE_BOUNDARY.md,md,docs/validation,LEGACY,,HISTORICAL,development_or_reference,none,none,,,KEEP,MEDIUM,documentation requires current/superseded navigation
docs/validation/NOLLM_GRF7_LONG_RUNNING_RELIABILITY_REPORT.md,md,docs/validation,LEGACY,,HISTORICAL,development_or_reference,none,none,,,KEEP,MEDIUM,documentation requires current/superseded navigation
docs/validation/NOLLM_GRF7_REAL_HOST_RUNTIME_REPORT.md,md,docs/validation,LEGACY,,HISTORICAL,development_or_reference,none,none,,,KEEP,MEDIUM,documentation requires current/superseded navigation
docs/validation/NOLLM_GRF7_RESOURCE_ACCOUNTING_REPORT.md,md,docs/validation,LEGACY,,HISTORICAL,development_or_reference,none,none,,,KEEP,MEDIUM,documentation requires current/superseded navigation
docs/validation/NOLLM_GRF7_SCALE_REPORT.md,md,docs/validation,LEGACY,,HISTORICAL,development_or_reference,none,none,,,KEEP,MEDIUM,documentation requires current/superseded navigation
docs/validation/NOLLM_GRF7_WORKFLOW_VALIDATION_REPORT.md,md,docs/validation,LEGACY,,HISTORICAL,development_or_reference,none,none,,,KEEP,MEDIUM,documentation requires current/superseded navigation
docs/validation/NOLLM_GRF8_FINAL_ACCEPTANCE_REPORT.md,md,docs/validation,LEGACY,,HISTORICAL,development_or_reference,none,none,,,KEEP,MEDIUM,documentation requires current/superseded navigation
docs/validation/NOLLM_GRF8_HOST_INTEGRATION_GUIDE.md,md,docs/validation,LEGACY,,HISTORICAL,development_or_reference,none,none,,,KEEP,MEDIUM,documentation requires current/superseded navigation
docs/validation/NOLLM_GRF8_LIMITATIONS.md,md,docs/validation,LEGACY,,HISTORICAL,development_or_reference,none,none,,,KEEP,MEDIUM,documentation requires current/superseded navigation
docs/validation/NOLLM_GRF8_MEMORY_QUALITY_REPORT.md,md,docs/validation,LEGACY,,HISTORICAL,development_or_reference,none,none,,,KEEP,MEDIUM,documentation requires current/superseded navigation
docs/validation/NOLLM_GRF8_PERFORMANCE_REPORT.md,md,docs/validation,LEGACY,,HISTORICAL,development_or_reference,none,none,,,KEEP,MEDIUM,documentation requires current/superseded navigation
docs/validation/NOLLM_GRF8_REAL_DATA_INGESTION_GUIDE.md,md,docs/validation,LEGACY,,HISTORICAL,development_or_reference,none,none,,,KEEP,MEDIUM,documentation requires current/superseded navigation
docs/validation/NOLLM_GRF_UNIFIED_ROADMAP_ACCEPTANCE_REPORT.md,md,docs/validation,LEGACY,,HISTORICAL,development_or_reference,none,none,,,KEEP,MEDIUM,documentation requires current/superseded navigation
docs/validation/NOLLM_GRF_UNIFIED_SCALE_BENCHMARK_REPORT.md,md,docs/validation,LEGACY,,HISTORICAL,development_or_reference,none,none,,,KEEP,MEDIUM,documentation requires current/superseded navigation
docs/validation/RC1_DF1_DR1_RECALL_UNIVERSE_CONTRACT_REPORT.md,md,docs/validation,LEGACY,,HISTORICAL,development_or_reference,none,none,,,KEEP,MEDIUM,documentation requires current/superseded navigation
docs/validation/RC1_DF1_DR1_RECALL_UNIVERSE_SCOPE.md,md,docs/validation,LEGACY,,HISTORICAL,development_or_reference,none,none,,,KEEP,MEDIUM,documentation requires current/superseded navigation
docs/validation/TQ1_BOUNDED_COMPLETE_TEST_MATRIX_REPORT.md,md,docs/validation,LEGACY,,HISTORICAL,development_or_reference,none,none,,,KEEP,MEDIUM,documentation requires current/superseded navigation
docs/validation/V2L0_LAYER_CONSTITUTION_VALIDATION_REPORT.md,md,docs/validation,LEGACY,,HISTORICAL,development_or_reference,none,none,,,KEEP,MEDIUM,documentation requires current/superseded navigation
examples/audit_reports/openclaw_audit.json,json,examples/audit_reports,LAB,,ACTIVE,development_or_reference,development-only results,none,,,KEEP,HIGH,"test, experiment, fixture, or benchmark"
examples/df1/README.md,md,examples/df1,LAB,,ACTIVE,development_or_reference,development-only results,none,,,KEEP,HIGH,"test, experiment, fixture, or benchmark"
examples/grf/grf8_codex_fixture_example.ps1,ps1,examples/grf,LAB,,ACTIVE,development_or_reference,development-only results,none,,,KEEP,HIGH,"test, experiment, fixture, or benchmark"
examples/grf/grf8_file_host_example.ps1,ps1,examples/grf,LAB,,ACTIVE,development_or_reference,development-only results,none,,,KEEP,HIGH,"test, experiment, fixture, or benchmark"
examples/grf/grf8_openclaw_fixture_example.ps1,ps1,examples/grf,LAB,,ACTIVE,development_or_reference,development-only results,none,,,KEEP,HIGH,"test, experiment, fixture, or benchmark"
examples/openclaw/aliases.yaml,yaml,examples/openclaw,LAB,,ACTIVE,development_or_reference,development-only results,none,,,KEEP,HIGH,"test, experiment, fixture, or benchmark"
examples/openclaw/anchors.yaml,yaml,examples/openclaw,LAB,,ACTIVE,development_or_reference,development-only results,none,,,KEEP,HIGH,"test, experiment, fixture, or benchmark"
examples/openclaw/cards/decisions/card_0001_nollm_project_start.md,md,examples/openclaw/cards/decisions,LAB,,ACTIVE,development_or_reference,development-only results,none,,,KEEP,HIGH,"test, experiment, fixture, or benchmark"
examples/openclaw/cards/decisions/card_0002_honeycomb_metadata_alignment.md,md,examples/openclaw/cards/decisions,LAB,,ACTIVE,development_or_reference,development-only results,none,,,KEEP,HIGH,"test, experiment, fixture, or benchmark"
examples/openclaw/ledger/events.jsonl,jsonl,examples/openclaw/ledger,LAB,,ACTIVE,development_or_reference,development-only results,none,,,KEEP,HIGH,"test, experiment, fixture, or benchmark"
examples/openclaw/recalls/sample_recall_digest.json,json,examples/openclaw/recalls,LAB,,ACTIVE,development_or_reference,development-only results,none,,,KEEP,HIGH,"test, experiment, fixture, or benchmark"
examples/openclaw/recalls/sample_recall_digest.md,md,examples/openclaw/recalls,LAB,,ACTIVE,development_or_reference,development-only results,none,,,KEEP,HIGH,"test, experiment, fixture, or benchmark"
examples/openclaw_dream/all_dream_checks_manifest.json,json,examples/openclaw_dream,LAB,,ACTIVE,development_or_reference,development-only results,none,,,KEEP,HIGH,"test, experiment, fixture, or benchmark"
examples/openclaw_dream/batch/lateral_shift_hint/placements.json,json,examples/openclaw_dream/batch/lateral_shift_hint,LAB,,ACTIVE,development_or_reference,development-only results,none,,,KEEP,HIGH,"test, experiment, fixture, or benchmark"
examples/openclaw_dream/batch/lateral_shift_hint/shards.json,json,examples/openclaw_dream/batch/lateral_shift_hint,LAB,,ACTIVE,development_or_reference,development-only results,none,,,KEEP,HIGH,"test, experiment, fixture, or benchmark"
examples/openclaw_dream/batch/multi_shard_overlap/placements.json,json,examples/openclaw_dream/batch/multi_shard_overlap,LAB,,ACTIVE,development_or_reference,development-only results,none,,,KEEP,HIGH,"test, experiment, fixture, or benchmark"
examples/openclaw_dream/batch/multi_shard_overlap/shards.json,json,examples/openclaw_dream/batch/multi_shard_overlap,LAB,,ACTIVE,development_or_reference,development-only results,none,,,KEEP,HIGH,"test, experiment, fixture, or benchmark"
examples/openclaw_dream/batch/parameter_probe/placements.json,json,examples/openclaw_dream/batch/parameter_probe,LAB,,ACTIVE,development_or_reference,development-only results,none,,,KEEP,HIGH,"test, experiment, fixture, or benchmark"
examples/openclaw_dream/batch/parameter_probe/shards.json,json,examples/openclaw_dream/batch/parameter_probe,LAB,,ACTIVE,development_or_reference,development-only results,none,,,KEEP,HIGH,"test, experiment, fixture, or benchmark"
examples/openclaw_dream/batch/placement_collision/placements.json,json,examples/openclaw_dream/batch/placement_collision,LAB,,ACTIVE,development_or_reference,development-only results,none,,,KEEP,HIGH,"test, experiment, fixture, or benchmark"
examples/openclaw_dream/batch/placement_collision/shards.json,json,examples/openclaw_dream/batch/placement_collision,LAB,,ACTIVE,development_or_reference,development-only results,none,,,KEEP,HIGH,"test, experiment, fixture, or benchmark"
examples/openclaw_dream/batch/single_shard_sparse/placements.json,json,examples/openclaw_dream/batch/single_shard_sparse,LAB,,ACTIVE,development_or_reference,development-only results,none,,,KEEP,HIGH,"test, experiment, fixture, or benchmark"
examples/openclaw_dream/batch/single_shard_sparse/shards.json,json,examples/openclaw_dream/batch/single_shard_sparse,LAB,,ACTIVE,development_or_reference,development-only results,none,,,KEEP,HIGH,"test, experiment, fixture, or benchmark"
examples/openclaw_dream/batch_report.json,json,examples/openclaw_dream,LAB,,ACTIVE,development_or_reference,development-only results,none,,,KEEP,HIGH,"test, experiment, fixture, or benchmark"
examples/openclaw_dream/dream_failure_triage.json,json,examples/openclaw_dream,LAB,,ACTIVE,development_or_reference,development-only results,none,,,KEEP,HIGH,"test, experiment, fixture, or benchmark"
examples/openclaw_dream/dream_failure_triage.md,md,examples/openclaw_dream,LAB,,ACTIVE,development_or_reference,development-only results,none,,,KEEP,HIGH,"test, experiment, fixture, or benchmark"
examples/openclaw_dream/dream_run_report.json,json,examples/openclaw_dream,LAB,,ACTIVE,development_or_reference,development-only results,none,,,KEEP,HIGH,"test, experiment, fixture, or benchmark"
examples/openclaw_dream/dream_suite_report.json,json,examples/openclaw_dream,LAB,,ACTIVE,development_or_reference,development-only results,none,,,KEEP,HIGH,"test, experiment, fixture, or benchmark"
examples/openclaw_dream/golden/all_dream_checks_manifest.golden.json,json,examples/openclaw_dream/golden,LAB,,ACTIVE,development_or_reference,development-only results,none,,,KEEP,HIGH,"test, experiment, fixture, or benchmark"
examples/openclaw_dream/golden/dream_suite_report.golden.json,json,examples/openclaw_dream/golden,LAB,,ACTIVE,development_or_reference,development-only results,none,,,KEEP,HIGH,"test, experiment, fixture, or benchmark"
examples/openclaw_dream/golden/local_gate_report.golden.json,json,examples/openclaw_dream/golden,LAB,,ACTIVE,development_or_reference,development-only results,none,,,KEEP,HIGH,"test, experiment, fixture, or benchmark"
examples/openclaw_dream/golden/real_corpus_dry_run_report.golden.json,json,examples/openclaw_dream/golden,LAB,,ACTIVE,development_or_reference,development-only results,none,,,KEEP,HIGH,"test, experiment, fixture, or benchmark"
examples/openclaw_dream/golden_regression_report.json,json,examples/openclaw_dream,LAB,,ACTIVE,development_or_reference,development-only results,none,,,KEEP,HIGH,"test, experiment, fixture, or benchmark"
examples/openclaw_dream/local_gate_report.json,json,examples/openclaw_dream,LAB,,ACTIVE,development_or_reference,development-only results,none,,,KEEP,HIGH,"test, experiment, fixture, or benchmark"
examples/openclaw_dream/minimal_ablation_fixture.json,json,examples/openclaw_dream,LAB,,ACTIVE,development_or_reference,development-only results,none,,,KEEP,HIGH,"test, experiment, fixture, or benchmark"
examples/openclaw_dream/mode3_trace_fixture.json,json,examples/openclaw_dream,LAB,,ACTIVE,development_or_reference,development-only results,none,,,KEEP,HIGH,"test, experiment, fixture, or benchmark"
examples/openclaw_dream/placements.json,json,examples/openclaw_dream,LAB,,ACTIVE,development_or_reference,development-only results,none,,,KEEP,HIGH,"test, experiment, fixture, or benchmark"
examples/openclaw_dream/real_corpus_dry_run_report.json,json,examples/openclaw_dream,LAB,,ACTIVE,development_or_reference,development-only results,none,,,KEEP,HIGH,"test, experiment, fixture, or benchmark"
examples/openclaw_dream/regression_report.json,json,examples/openclaw_dream,LAB,,ACTIVE,development_or_reference,development-only results,none,,,KEEP,HIGH,"test, experiment, fixture, or benchmark"
examples/openclaw_dream/shards.json,json,examples/openclaw_dream,LAB,,ACTIVE,development_or_reference,development-only results,none,,,KEEP,HIGH,"test, experiment, fixture, or benchmark"
examples/openclaw_dream_cortex_fixture/DREAMS.md,md,examples/openclaw_dream_cortex_fixture,LAB,,ACTIVE,development_or_reference,development-only results,none,,,KEEP,HIGH,"test, experiment, fixture, or benchmark"
examples/openclaw_dream_cortex_fixture/MEMORY.md,md,examples/openclaw_dream_cortex_fixture,LAB,,ACTIVE,development_or_reference,development-only results,none,,,KEEP,HIGH,"test, experiment, fixture, or benchmark"
examples/openclaw_dream_cortex_fixture/README.md,md,examples/openclaw_dream_cortex_fixture,LAB,,ACTIVE,development_or_reference,development-only results,none,,,KEEP,HIGH,"test, experiment, fixture, or benchmark"
examples/openclaw_dream_cortex_fixture/dreamer_output.json,json,examples/openclaw_dream_cortex_fixture,LAB,,ACTIVE,development_or_reference,development-only results,none,,,KEEP,HIGH,"test, experiment, fixture, or benchmark"
examples/openclaw_dream_cortex_fixture/memory/2026-06-20.md,md,examples/openclaw_dream_cortex_fixture/memory,LAB,,ACTIVE,development_or_reference,development-only results,none,,,KEEP,HIGH,"test, experiment, fixture, or benchmark"
examples/openclaw_functional_memory_fixture/DREAMS.md,md,examples/openclaw_functional_memory_fixture,LAB,,ACTIVE,development_or_reference,development-only results,none,,,KEEP,HIGH,"test, experiment, fixture, or benchmark"
examples/openclaw_functional_memory_fixture/MEMORY.md,md,examples/openclaw_functional_memory_fixture,LAB,,ACTIVE,development_or_reference,development-only results,none,,,KEEP,HIGH,"test, experiment, fixture, or benchmark"
examples/openclaw_functional_memory_fixture/README.md,md,examples/openclaw_functional_memory_fixture,LAB,,ACTIVE,development_or_reference,development-only results,none,,,KEEP,HIGH,"test, experiment, fixture, or benchmark"
examples/openclaw_functional_memory_fixture/memory/2026-06-20.md,md,examples/openclaw_functional_memory_fixture/memory,LAB,,ACTIVE,development_or_reference,development-only results,none,,,KEEP,HIGH,"test, experiment, fixture, or benchmark"
examples/openclaw_memory_fixture/DREAMS.md,md,examples/openclaw_memory_fixture,LAB,,ACTIVE,development_or_reference,development-only results,none,,,KEEP,HIGH,"test, experiment, fixture, or benchmark"
examples/openclaw_memory_fixture/MEMORY.md,md,examples/openclaw_memory_fixture,LAB,,ACTIVE,development_or_reference,development-only results,none,,,KEEP,HIGH,"test, experiment, fixture, or benchmark"
examples/openclaw_memory_fixture/README.md,md,examples/openclaw_memory_fixture,LAB,,ACTIVE,development_or_reference,development-only results,none,,,KEEP,HIGH,"test, experiment, fixture, or benchmark"
examples/openclaw_memory_fixture/memory/2026-06-19.md,md,examples/openclaw_memory_fixture/memory,LAB,,ACTIVE,development_or_reference,development-only results,none,,,KEEP,HIGH,"test, experiment, fixture, or benchmark"
examples/tool_requests/README.md,md,examples/tool_requests,LAB,,ACTIVE,development_or_reference,development-only results,none,,,KEEP,HIGH,"test, experiment, fixture, or benchmark"
examples/tool_requests/annotations_openclaw.json,json,examples/tool_requests,LAB,,ACTIVE,development_or_reference,development-only results,none,,,KEEP,HIGH,"test, experiment, fixture, or benchmark"
examples/tool_requests/audit_openclaw.json,json,examples/tool_requests,LAB,,ACTIVE,development_or_reference,development-only results,none,,,KEEP,HIGH,"test, experiment, fixture, or benchmark"
examples/tool_requests/generated_output_examples/recall_scale_scan.json,json,examples/tool_requests/generated_output_examples,LAB,,ACTIVE,development_or_reference,development-only results,none,,,KEEP,HIGH,"test, experiment, fixture, or benchmark"
examples/tool_requests/history_openclaw_card.json,json,examples/tool_requests,LAB,,ACTIVE,development_or_reference,development-only results,none,,,KEEP,HIGH,"test, experiment, fixture, or benchmark"
examples/tool_requests/inspect_openclaw.json,json,examples/tool_requests,LAB,,ACTIVE,development_or_reference,development-only results,none,,,KEEP,HIGH,"test, experiment, fixture, or benchmark"
examples/tool_requests/ledger_openclaw.json,json,examples/tool_requests,LAB,,ACTIVE,development_or_reference,development-only results,none,,,KEEP,HIGH,"test, experiment, fixture, or benchmark"
examples/tool_requests/orient.json,json,examples/tool_requests,LAB,,ACTIVE,development_or_reference,development-only results,none,,,KEEP,HIGH,"test, experiment, fixture, or benchmark"
examples/tool_requests/read_openclaw_card.json,json,examples/tool_requests,LAB,,ACTIVE,development_or_reference,development-only results,none,,,KEEP,HIGH,"test, experiment, fixture, or benchmark"
examples/tool_requests/review_openclaw.json,json,examples/tool_requests,LAB,,ACTIVE,development_or_reference,development-only results,none,,,KEEP,HIGH,"test, experiment, fixture, or benchmark"
examples/tool_requests/templates/annotate_card.json,json,examples/tool_requests/templates,LAB,,ACTIVE,development_or_reference,development-only results,none,,,KEEP,HIGH,"test, experiment, fixture, or benchmark"
examples/tool_requests/templates/annotations_for_card.json,json,examples/tool_requests/templates,LAB,,ACTIVE,development_or_reference,development-only results,none,,,KEEP,HIGH,"test, experiment, fixture, or benchmark"
examples/tool_requests/templates/focus.json,json,examples/tool_requests/templates,LAB,,ACTIVE,development_or_reference,development-only results,none,,,KEEP,HIGH,"test, experiment, fixture, or benchmark"
examples/tool_requests/templates/ledger.json,json,examples/tool_requests/templates,LAB,,ACTIVE,development_or_reference,development-only results,none,,,KEEP,HIGH,"test, experiment, fixture, or benchmark"
examples/tool_requests/templates/orient.json,json,examples/tool_requests/templates,LAB,,ACTIVE,development_or_reference,development-only results,none,,,KEEP,HIGH,"test, experiment, fixture, or benchmark"
examples/tool_requests/templates/read_card.json,json,examples/tool_requests/templates,LAB,,ACTIVE,development_or_reference,development-only results,none,,,KEEP,HIGH,"test, experiment, fixture, or benchmark"
examples/tool_requests/templates/recall.json,json,examples/tool_requests/templates,LAB,,ACTIVE,development_or_reference,development-only results,none,,,KEEP,HIGH,"test, experiment, fixture, or benchmark"
examples/tool_requests/templates/surface.json,json,examples/tool_requests/templates,LAB,,ACTIVE,development_or_reference,development-only results,none,,,KEEP,HIGH,"test, experiment, fixture, or benchmark"
examples/tool_requests/templates/update_status_confirmed.json,json,examples/tool_requests/templates,LAB,,ACTIVE,development_or_reference,development-only results,none,,,KEEP,HIGH,"test, experiment, fixture, or benchmark"
examples/tool_requests/templates/validate.json,json,examples/tool_requests/templates,LAB,,ACTIVE,development_or_reference,development-only results,none,,,KEEP,HIGH,"test, experiment, fixture, or benchmark"
examples/tool_requests/templates/write_candidate.json,json,examples/tool_requests/templates,LAB,,ACTIVE,development_or_reference,development-only results,none,,,KEEP,HIGH,"test, experiment, fixture, or benchmark"
examples/tool_responses/annotations_openclaw_response.json,json,examples/tool_responses,LAB,,ACTIVE,development_or_reference,development-only results,none,,,KEEP,HIGH,"test, experiment, fixture, or benchmark"
examples/tool_responses/audit_openclaw_response.json,json,examples/tool_responses,LAB,,ACTIVE,development_or_reference,development-only results,none,,,KEEP,HIGH,"test, experiment, fixture, or benchmark"
examples/tool_responses/error_invalid_json.json,json,examples/tool_responses,LAB,,ACTIVE,development_or_reference,development-only results,none,,,KEEP,HIGH,"test, experiment, fixture, or benchmark"
examples/tool_responses/error_missing_field.json,json,examples/tool_responses,LAB,,ACTIVE,development_or_reference,development-only results,none,,,KEEP,HIGH,"test, experiment, fixture, or benchmark"
examples/tool_responses/error_unknown_action.json,json,examples/tool_responses,LAB,,ACTIVE,development_or_reference,development-only results,none,,,KEEP,HIGH,"test, experiment, fixture, or benchmark"
examples/tool_responses/history_openclaw_card_response.json,json,examples/tool_responses,LAB,,ACTIVE,development_or_reference,development-only results,none,,,KEEP,HIGH,"test, experiment, fixture, or benchmark"
examples/tool_responses/inspect_openclaw_response.json,json,examples/tool_responses,LAB,,ACTIVE,development_or_reference,development-only results,none,,,KEEP,HIGH,"test, experiment, fixture, or benchmark"
examples/tool_responses/ledger_openclaw_response.json,json,examples/tool_responses,LAB,,ACTIVE,development_or_reference,development-only results,none,,,KEEP,HIGH,"test, experiment, fixture, or benchmark"
examples/tool_responses/orient_response.json,json,examples/tool_responses,LAB,,ACTIVE,development_or_reference,development-only results,none,,,KEEP,HIGH,"test, experiment, fixture, or benchmark"
examples/tool_responses/read_openclaw_card_response.json,json,examples/tool_responses,LAB,,ACTIVE,development_or_reference,development-only results,none,,,KEEP,HIGH,"test, experiment, fixture, or benchmark"
examples/tool_responses/recall_scale_scan_response.json,json,examples/tool_responses,LAB,,ACTIVE,development_or_reference,development-only results,none,,,KEEP,HIGH,"test, experiment, fixture, or benchmark"
examples/tool_responses/review_openclaw_response.json,json,examples/tool_responses,LAB,,ACTIVE,development_or_reference,development-only results,none,,,KEEP,HIGH,"test, experiment, fixture, or benchmark"
examples/tool_responses/success_recall.json,json,examples/tool_responses,LAB,,ACTIVE,development_or_reference,development-only results,none,,,KEEP,HIGH,"test, experiment, fixture, or benchmark"
examples/tool_responses/success_write_candidate.json,json,examples/tool_responses,LAB,,ACTIVE,development_or_reference,development-only results,none,,,KEEP,HIGH,"test, experiment, fixture, or benchmark"
experiments/grf/GRF4R_REPRODUCIBILITY.md,md,experiments/grf,LAB,,ACTIVE,development_or_reference,development-only results,none,,,MOVE,HIGH,"test, experiment, fixture, or benchmark"
experiments/grf/README.md,md,experiments/grf,LAB,,ACTIVE,development_or_reference,development-only results,none,,,MOVE,HIGH,"test, experiment, fixture, or benchmark"
experiments/grf/build_grf7r2_evidence_pack.py,py,experiments/grf,LAB,,ACTIVE,development_or_reference,development-only results,candidate,__future__;argparse;experiments.grf.grf7r2_evidence_pack;json;pathlib,,MOVE,HIGH,"test, experiment, fixture, or benchmark"
experiments/grf/build_grf7r3_compact_capsule.py,py,experiments/grf,LAB,,ACTIVE,development_or_reference,development-only results,candidate,__future__;argparse;experiments.grf.grf7r3_compact_evidence;json;pathlib,,MOVE,HIGH,"test, experiment, fixture, or benchmark"
experiments/grf/datasets/concentrated_facts.jsonl,jsonl,experiments/grf/datasets,LAB,,ACTIVE,development_or_reference,development-only results,none,,,MOVE,HIGH,"test, experiment, fixture, or benchmark"
experiments/grf/datasets/false_stitch_decoys.jsonl,jsonl,experiments/grf/datasets,LAB,,ACTIVE,development_or_reference,development-only results,none,,,MOVE,HIGH,"test, experiment, fixture, or benchmark"
experiments/grf/datasets/scattered_facts.jsonl,jsonl,experiments/grf/datasets,LAB,,ACTIVE,development_or_reference,development-only results,none,,,MOVE,HIGH,"test, experiment, fixture, or benchmark"
experiments/grf/grf7r2_evidence_pack.py,py,experiments/grf,LAB,,ACTIVE,development_or_reference,development-only results,candidate,__future__;dataclasses;datetime;hashlib;io;json;nollm.grf.json_canonical;pathlib;tarfile;typing,experiments/grf/build_grf7r2_evidence_pack.py;experiments/grf/verify_grf7r2_evidence_pack.py;experiments/grf/verify_grf7r3_delivery.py;reference/python/tests/grf/test_grf7r2_evidence_pack.py,MOVE,HIGH,"test, experiment, fixture, or benchmark"
experiments/grf/grf7r3_compact_evidence.py,py,experiments/grf,LAB,,ACTIVE,development_or_reference,development-only results,candidate,__future__;dataclasses;gzip;hashlib;io;json;nollm.grf.json_canonical;pathlib;tarfile;typing,experiments/grf/build_grf7r3_compact_capsule.py;experiments/grf/verify_grf7r3_delivery.py;reference/python/tests/grf/test_grf7r3_compact_evidence.py,MOVE,HIGH,"test, experiment, fixture, or benchmark"
experiments/grf/report_template.md,md,experiments/grf,LAB,,ACTIVE,development_or_reference,development-only results,none,,,MOVE,HIGH,"test, experiment, fixture, or benchmark"
experiments/grf/results/GRF7_CROSS_PARTITION_RECALL_RAW.json,json,experiments/grf/results,LAB,,ACTIVE,development_or_reference,development-only results,none,,,MOVE,HIGH,"test, experiment, fixture, or benchmark"
experiments/grf/results/GRF7_EXTERNAL_ARTIFACT_HASHES.json,json,experiments/grf/results,LAB,,ACTIVE,development_or_reference,development-only results,none,,,MOVE,HIGH,"test, experiment, fixture, or benchmark"
experiments/grf/results/GRF7_GLOBAL_DIRECTORY_MANIFEST.json,json,experiments/grf/results,LAB,,ACTIVE,development_or_reference,development-only results,none,,,MOVE,HIGH,"test, experiment, fixture, or benchmark"
experiments/grf/results/GRF7_HOST_RUNTIME_RAW.json,json,experiments/grf/results,LAB,,ACTIVE,development_or_reference,development-only results,none,,,MOVE,HIGH,"test, experiment, fixture, or benchmark"
experiments/grf/results/GRF7_INCREMENTAL_RAW.json,json,experiments/grf/results,LAB,,ACTIVE,development_or_reference,development-only results,none,,,MOVE,HIGH,"test, experiment, fixture, or benchmark"
experiments/grf/results/GRF7_LONG_RUNNING_RAW.json,json,experiments/grf/results,LAB,,ACTIVE,development_or_reference,development-only results,none,,,MOVE,HIGH,"test, experiment, fixture, or benchmark"
experiments/grf/results/GRF7_SCALE_RAW.json,json,experiments/grf/results,LAB,,ACTIVE,development_or_reference,development-only results,none,,,MOVE,HIGH,"test, experiment, fixture, or benchmark"
experiments/grf/results/GRF7_WORKFLOW_RAW.json,json,experiments/grf/results,LAB,,ACTIVE,development_or_reference,development-only results,none,,,MOVE,HIGH,"test, experiment, fixture, or benchmark"
experiments/grf/results/GRF_UNIFIED_SCALE_20260710.json,json,experiments/grf/results,LAB,,ACTIVE,development_or_reference,development-only results,none,,,MOVE,HIGH,"test, experiment, fixture, or benchmark"
experiments/grf/results/NOLLM_GRF7_EVIDENCE_MANIFEST.json,json,experiments/grf/results,LAB,,ACTIVE,development_or_reference,development-only results,none,,,MOVE,HIGH,"test, experiment, fixture, or benchmark"
experiments/grf/results/grf7r/GRF7R_EVIDENCE_MANIFEST.json,json,experiments/grf/results/grf7r,LAB,,ACTIVE,development_or_reference,development-only results,none,,,MOVE,HIGH,"test, experiment, fixture, or benchmark"
experiments/grf/results/grf7r/GRF7R_GATE_EVIDENCE.json,json,experiments/grf/results/grf7r,LAB,,ACTIVE,development_or_reference,development-only results,none,,,MOVE,HIGH,"test, experiment, fixture, or benchmark"
experiments/grf/results/grf7r2/GRF7R2_EXTERNAL_ARTIFACT_MANIFEST.json,json,experiments/grf/results/grf7r2,LAB,,ACTIVE,development_or_reference,development-only results,none,,,MOVE,HIGH,"test, experiment, fixture, or benchmark"
experiments/grf/results/grf7r2/GRF7R2_GATE_EVIDENCE.json,json,experiments/grf/results/grf7r2,LAB,,ACTIVE,development_or_reference,development-only results,none,,,MOVE,HIGH,"test, experiment, fixture, or benchmark"
experiments/grf/results/grf7r3/GRF7R3_EXTERNAL_ARTIFACT_MANIFEST.json,json,experiments/grf/results/grf7r3,LAB,,ACTIVE,development_or_reference,development-only results,none,,,MOVE,HIGH,"test, experiment, fixture, or benchmark"
experiments/grf/run_core_realignment_scale_validation.py,py,experiments/grf,LAB,,ACTIVE,development_or_reference,development-only results,candidate,__future__;nollm.grf.cell_address;nollm.grf.field_engine;nollm.grf.placement,,MOVE,HIGH,"test, experiment, fixture, or benchmark"
experiments/grf/run_geometry_native_recall_validation.py,py,experiments/grf,LAB,,ACTIVE,development_or_reference,development-only results,candidate,__future__;nollm.grf.cell_address;nollm.grf.facade;nollm.grf.recall;pathlib;tempfile,,MOVE,HIGH,"test, experiment, fixture, or benchmark"
experiments/grf/run_geometry_native_storage_validation.py,py,experiments/grf,LAB,,ACTIVE,development_or_reference,development-only results,candidate,__future__;nollm.grf.cell_address;nollm.grf.geometry_storage;pathlib;tempfile,,MOVE,HIGH,"test, experiment, fixture, or benchmark"
experiments/grf/run_grf2_validation.py,py,experiments/grf,LAB,,ACTIVE,development_or_reference,development-only results,candidate,__future__;json;nollm.grf.grf2_validation;pathlib;sys,,MOVE,HIGH,"test, experiment, fixture, or benchmark"
experiments/grf/run_grf2r_real_scale_benchmark.py,py,experiments/grf,LAB,,ACTIVE,development_or_reference,development-only results,candidate,__future__;json;nollm.grf.real_scale_benchmark;pathlib;sys,,MOVE,HIGH,"test, experiment, fixture, or benchmark"
experiments/grf/run_grf4_production_validation.py,py,experiments/grf,LAB,,ACTIVE,development_or_reference,development-only results,candidate,__future__;integrations.adapters.grf4_host_validation;json;nollm.grf.production_validation;pathlib;sys;tempfile,,MOVE,HIGH,"test, experiment, fixture, or benchmark"
experiments/grf/run_grf4r_readiness.py,py,experiments/grf,LAB,,ACTIVE,development_or_reference,development-only results,candidate,__future__;integrations.adapters.grf4r_failure_recovery;integrations.adapters.grf4r_host_lifecycle;json;nollm.grf.readiness_validation;pathlib;sys;tempfile,,MOVE,HIGH,"test, experiment, fixture, or benchmark"
experiments/grf/run_grf4r_reality_benchmark.py,py,experiments/grf,LAB,,ACTIVE,development_or_reference,development-only results,candidate,__future__;gc;json;nollm.grf.production_reality_benchmark;pathlib;sys,,MOVE,HIGH,"test, experiment, fixture, or benchmark"
experiments/grf/run_grf5_operational_validation.py,py,experiments/grf,LAB,,ACTIVE,development_or_reference,development-only results,candidate,__future__;integrations.adapters.grf5_operational_validation;json;pathlib;sys;tempfile,,MOVE,HIGH,"test, experiment, fixture, or benchmark"
experiments/grf/run_grf5_performance_evolution.py,py,experiments/grf,LAB,,ACTIVE,development_or_reference,development-only results,candidate,__future__;json;nollm.grf.performance_evolution;pathlib;sys,,MOVE,HIGH,"test, experiment, fixture, or benchmark"
experiments/grf/run_grf7_global_scale_validation.py,py,experiments/grf,LAB,,ACTIVE,development_or_reference,development-only results,candidate,__future__;json;nollm.grf.grf7_scale_validation;pathlib;sys,,MOVE,HIGH,"test, experiment, fixture, or benchmark"
experiments/grf/run_grf7_host_runtime_validation.py,py,experiments/grf,LAB,,ACTIVE,development_or_reference,development-only results,candidate,__future__;experiments.grf.run_grf7r_runtime_semantics;json;pathlib;sys,,MOVE,HIGH,"test, experiment, fixture, or benchmark"
experiments/grf/run_grf7_long_running_validation.py,py,experiments/grf,LAB,,ACTIVE,development_or_reference,development-only results,candidate,__future__;integrations.adapters.grf7_long_running_validation;json;pathlib;sys,,MOVE,HIGH,"test, experiment, fixture, or benchmark"
experiments/grf/run_grf7_scale_validation.py,py,experiments/grf,LAB,,ACTIVE,development_or_reference,development-only results,candidate,__future__;json;nollm.grf.grf7_scale_validation;pathlib;sys,,MOVE,HIGH,"test, experiment, fixture, or benchmark"
experiments/grf/run_grf7r2_host_registry_validation.py,py,experiments/grf,LAB,,ACTIVE,development_or_reference,development-only results,candidate,__future__;hashlib;integrations.adapters.grf7r_facade_runtime;json;os;pathlib;shutil,,MOVE,HIGH,"test, experiment, fixture, or benchmark"
experiments/grf/run_grf7r2_long_running_validation.py,py,experiments/grf,LAB,,ACTIVE,development_or_reference,development-only results,candidate,__future__;integrations.adapters.grf7r2_long_running;json;os;pathlib,,MOVE,HIGH,"test, experiment, fixture, or benchmark"
experiments/grf/run_grf7r4_snapshot_replay_validation.py,py,experiments/grf,LAB,,ACTIVE,development_or_reference,development-only results,candidate,__future__;hashlib;integrations.adapters.grf7r2_long_running;integrations.adapters.grf7r_facade_runtime;json;nollm.grf.json_canonical;pathlib;shutil;tempfile,,MOVE,HIGH,"test, experiment, fixture, or benchmark"
experiments/grf/run_grf7r_long_running_validation.py,py,experiments/grf,LAB,,ACTIVE,development_or_reference,development-only results,candidate,__future__;integrations.adapters.grf7r_long_running;json;os;pathlib,,MOVE,HIGH,"test, experiment, fixture, or benchmark"
experiments/grf/run_grf7r_real_global_workload.py,py,experiments/grf,LAB,,ACTIVE,development_or_reference,development-only results,candidate,__future__;json;nollm.grf.grf7r_real_global;os;pathlib,,MOVE,HIGH,"test, experiment, fixture, or benchmark"
experiments/grf/run_grf7r_runtime_semantics.py,py,experiments/grf,LAB,,ACTIVE,development_or_reference,development-only results,candidate,__future__;hashlib;integrations.adapters.grf7r_facade_runtime;json;os;pathlib;shutil,experiments/grf/run_grf7_host_runtime_validation.py,MOVE,HIGH,"test, experiment, fixture, or benchmark"
experiments/grf/run_grf7r_windows_resource_validation.py,py,experiments/grf,LAB,,ACTIVE,development_or_reference,development-only results,candidate,__future__;json;nollm.grf.resource_sampler;os;pathlib;platform,,MOVE,HIGH,"test, experiment, fixture, or benchmark"
experiments/grf/run_grf7r_workflow_validation.py,py,experiments/grf,LAB,,ACTIVE,development_or_reference,development-only results,candidate,__future__;json;nollm.grf.grf7r_workflow;os;pathlib,,MOVE,HIGH,"test, experiment, fixture, or benchmark"
experiments/grf/run_grf8_host_integration.py,py,experiments/grf,LAB,,ACTIVE,development_or_reference,development-only results,candidate,__future__;integrations.adapters.grf7r2_long_running;integrations.adapters.grf7r_facade_runtime;json;pathlib;tempfile,,MOVE,HIGH,"test, experiment, fixture, or benchmark"
experiments/grf/run_grf8_long_running_validation.py,py,experiments/grf,LAB,,ACTIVE,development_or_reference,development-only results,candidate,__future__;argparse;integrations.adapters.grf7r2_long_running;pathlib,,MOVE,HIGH,"test, experiment, fixture, or benchmark"
experiments/grf/run_grf8_memory_quality_benchmark.py,py,experiments/grf,LAB,,ACTIVE,development_or_reference,development-only results,candidate,__future__;json;nollm.grf.grf8_quality_benchmark;nollm.grf.grf8_quality_dataset,,MOVE,HIGH,"test, experiment, fixture, or benchmark"
experiments/grf/run_grf8_real_ingestion_validation.py,py,experiments/grf,LAB,,ACTIVE,development_or_reference,development-only results,candidate,__future__;json;nollm.grf.facade;pathlib;tempfile,,MOVE,HIGH,"test, experiment, fixture, or benchmark"
experiments/grf/run_grf8_workflow_validation.py,py,experiments/grf,LAB,,ACTIVE,development_or_reference,development-only results,candidate,__future__;json;nollm.grf.grf8_quality_benchmark;nollm.grf.grf8_quality_dataset,,MOVE,HIGH,"test, experiment, fixture, or benchmark"
experiments/grf/run_grf_unified_scale_validation.py,py,experiments/grf,LAB,,ACTIVE,development_or_reference,development-only results,candidate,__future__;argparse;json;nollm.grf.unified_scale_validation;pathlib;sys,,MOVE,HIGH,"test, experiment, fixture, or benchmark"
experiments/grf/run_index_absence_gate.py,py,experiments/grf,LAB,,ACTIVE,development_or_reference,development-only results,candidate,__future__;pathlib,,MOVE,HIGH,"test, experiment, fixture, or benchmark"
experiments/grf/verify_external_artifacts.py,py,experiments/grf,LAB,,ACTIVE,development_or_reference,development-only results,candidate,__future__;argparse;hashlib;json;os;pathlib;sys,experiments/grf/verify_grf7r_evidence.py;reference/python/tests/grf/test_grf7r_external_artifacts.py,MOVE,HIGH,"test, experiment, fixture, or benchmark"
experiments/grf/verify_grf7r2_evidence.py,py,experiments/grf,LAB,,ACTIVE,development_or_reference,development-only results,candidate,__future__;argparse;json;nollm.grf.gate_evidence;pathlib,,MOVE,HIGH,"test, experiment, fixture, or benchmark"
experiments/grf/verify_grf7r2_evidence_pack.py,py,experiments/grf,LAB,,ACTIVE,development_or_reference,development-only results,candidate,__future__;argparse;experiments.grf.grf7r2_evidence_pack;hashlib;json;pathlib;subprocess;sys,,MOVE,HIGH,"test, experiment, fixture, or benchmark"
experiments/grf/verify_grf7r3_delivery.py,py,experiments/grf,LAB,,ACTIVE,development_or_reference,development-only results,candidate,__future__;argparse;experiments.grf.grf7r2_evidence_pack;experiments.grf.grf7r3_compact_evidence;hashlib;json;pathlib;subprocess;sys;tarfile;tempfile,,MOVE,HIGH,"test, experiment, fixture, or benchmark"
experiments/grf/verify_grf7r_evidence.py,py,experiments/grf,LAB,,ACTIVE,development_or_reference,development-only results,candidate,__future__;argparse;experiments.grf.verify_external_artifacts;hashlib;json;nollm.grf.gate_evidence;nollm.grf.json_canonical;os;pathlib;platform;subprocess;sys;typing,reference/python/tests/grf/test_grf7r_gate_evidence.py,MOVE,HIGH,"test, experiment, fixture, or benchmark"
experiments/openclaw/run_openclaw_placement_corpus_resumable.py,py,experiments/openclaw,LAB,,ACTIVE,development_or_reference,development-only results,candidate,__future__;argparse;datetime;pathlib,,MOVE,HIGH,"test, experiment, fixture, or benchmark"
integrations/adapters/__init__.py,py,integrations/adapters,OPENCLAW,,MIGRATION_ASSET,production,host state,candidate,,,SPLIT,MEDIUM,host adapter integration
integrations/adapters/grf4_host_validation.py,py,integrations/adapters,OPENCLAW,,MIGRATION_ASSET,production,host state,candidate,.grf_declared_host_adapter;.grf_file_adapter;__future__;pathlib;typing,experiments/grf/run_grf4_production_validation.py,SPLIT,MEDIUM,host adapter integration
integrations/adapters/grf4r_failure_recovery.py,py,integrations/adapters,OPENCLAW,,MIGRATION_ASSET,production,host state,candidate,.grf_file_adapter;__future__;dataclasses;json;nollm.grf.admission_bridge;nollm.grf.facade;pathlib;time,experiments/grf/run_grf4r_readiness.py,SPLIT,MEDIUM,host adapter integration
integrations/adapters/grf4r_host_lifecycle.py,py,integrations/adapters,OPENCLAW,,MIGRATION_ASSET,production,host state,candidate,.grf_declared_host_adapter;.grf_file_adapter;__future__;dataclasses;pathlib;typing,experiments/grf/run_grf4r_readiness.py,SPLIT,MEDIUM,host adapter integration
integrations/adapters/grf5_operational_validation.py,py,integrations/adapters,OPENCLAW,,MIGRATION_ASSET,production,host state,candidate,.grf_product_host;__future__;dataclasses;pathlib;time,experiments/grf/run_grf5_operational_validation.py,SPLIT,MEDIUM,host adapter integration
integrations/adapters/grf7_runtime_fixture.py,py,integrations/adapters,OPENCLAW,,MIGRATION_ASSET,production,host state,candidate,.grf7r_facade_runtime,,SPLIT,MEDIUM,host adapter integration
integrations/adapters/grf7r_facade_runtime.py,py,integrations/adapters,OPENCLAW,,MIGRATION_ASSET,production,host state,candidate,__future__;dataclasses;datetime;hashlib;json;nollm.grf.host_contract;nollm.grf.json_canonical;nollm.grf.storage;pathlib;time;typing,experiments/grf/run_grf7r2_host_registry_validation.py;experiments/grf/run_grf7r4_snapshot_replay_validation.py;experiments/grf/run_grf7r_runtime_semantics.py;experiments/grf/run_grf8_host_integration.py;reference/python/tests/grf/test_grf7r_host_registry.py,SPLIT,MEDIUM,host adapter integration
integrations/adapters/grf_adapter_conformance.py,py,integrations/adapters,OPENCLAW,,MIGRATION_ASSET,production,host state,candidate,__future__;dataclasses;typing,reference/python/tests/grf/test_grf4r_adapter_conformance.py,SPLIT,MEDIUM,host adapter integration
integrations/adapters/grf_adapter_contract.py,py,integrations/adapters,OPENCLAW,,MIGRATION_ASSET,production,host state,candidate,__future__;typing,,SPLIT,MEDIUM,host adapter integration
integrations/adapters/grf_declared_host_adapter.py,py,integrations/adapters,OPENCLAW,,MIGRATION_ASSET,production,host state,candidate,.grf_adapter_contract;.grf_file_adapter;__future__;json;pathlib;typing,reference/python/tests/grf/test_grf4r_adapter_conformance.py,SPLIT,MEDIUM,host adapter integration
integrations/adapters/grf_file_adapter.py,py,integrations/adapters,OPENCLAW,,MIGRATION_ASSET,production,host state,candidate,.grf_adapter_contract;__future__;nollm.grf.host_contract;pathlib;time;typing,reference/python/tests/grf/test_grf3_file_adapter.py;reference/python/tests/grf/test_grf4r_adapter_conformance.py,SPLIT,MEDIUM,host adapter integration
integrations/adapters/grf_product_host.py,py,integrations/adapters,OPENCLAW,,MIGRATION_ASSET,production,host state,candidate,.grf_adapter_contract;.grf_file_adapter;__future__;pathlib;typing;uuid,,SPLIT,MEDIUM,host adapter integration
integrations/codex/adapter/README.md,md,integrations/codex/adapter,OPENCLAW,,MIGRATION_ASSET,production,host state,none,,,SPLIT,MEDIUM,host adapter integration
integrations/codex/adapter/capabilities.json,json,integrations/codex/adapter,OPENCLAW,,MIGRATION_ASSET,production,host state,none,,,SPLIT,MEDIUM,host adapter integration
integrations/openclaw/grf-adapter/README.md,md,integrations/openclaw/grf-adapter,OPENCLAW,,ACTIVE,production,host/session/plugin state,none,,,KEEP,HIGH,OpenClaw integration asset
integrations/openclaw/grf-adapter/dist/index.d.ts,ts,integrations/openclaw/grf-adapter/dist,OPENCLAW,,ACTIVE,production,host/session/plugin state,candidate,openclaw/plugin-sdk/plugin-entry,,KEEP,HIGH,OpenClaw integration asset
integrations/openclaw/grf-adapter/dist/index.js,js,integrations/openclaw/grf-adapter/dist,OPENCLAW,,ACTIVE,production,host/session/plugin state,candidate,node:child_process;openclaw/plugin-sdk/plugin-entry;typebox,,KEEP,HIGH,OpenClaw integration asset
integrations/openclaw/grf-adapter/openclaw.plugin.json,json,integrations/openclaw/grf-adapter,OPENCLAW,,ACTIVE,production,host/session/plugin state,none,,,KEEP,HIGH,OpenClaw integration asset
integrations/openclaw/grf-adapter/package.json,json,integrations/openclaw/grf-adapter,OPENCLAW,,ACTIVE,production,host/session/plugin state,none,,,KEEP,HIGH,OpenClaw integration asset
integrations/openclaw/grf-adapter/pnpm-lock.yaml,yaml,integrations/openclaw/grf-adapter,OPENCLAW,,ACTIVE,production,host/session/plugin state,none,,,KEEP,HIGH,OpenClaw integration asset
integrations/openclaw/grf-adapter/pnpm-workspace.yaml,yaml,integrations/openclaw/grf-adapter,OPENCLAW,,ACTIVE,production,host/session/plugin state,none,,,KEEP,HIGH,OpenClaw integration asset
integrations/openclaw/grf-adapter/scripts/check-openclaw-update.ps1,ps1,integrations/openclaw/grf-adapter/scripts,OPENCLAW,,ACTIVE,production,host/session/plugin state,none,,,KEEP,HIGH,OpenClaw integration asset
integrations/openclaw/grf-adapter/scripts/diagnose.ps1,ps1,integrations/openclaw/grf-adapter/scripts,OPENCLAW,,ACTIVE,production,host/session/plugin state,none,,,KEEP,HIGH,OpenClaw integration asset
integrations/openclaw/grf-adapter/scripts/disable.ps1,ps1,integrations/openclaw/grf-adapter/scripts,OPENCLAW,,ACTIVE,production,host/session/plugin state,none,,,KEEP,HIGH,OpenClaw integration asset
integrations/openclaw/grf-adapter/scripts/enable.ps1,ps1,integrations/openclaw/grf-adapter/scripts,OPENCLAW,,ACTIVE,production,host/session/plugin state,none,,,KEEP,HIGH,OpenClaw integration asset
integrations/openclaw/grf-adapter/scripts/install.ps1,ps1,integrations/openclaw/grf-adapter/scripts,OPENCLAW,,ACTIVE,production,host/session/plugin state,none,,,KEEP,HIGH,OpenClaw integration asset
integrations/openclaw/grf-adapter/scripts/uninstall.ps1,ps1,integrations/openclaw/grf-adapter/scripts,OPENCLAW,,ACTIVE,production,host/session/plugin state,none,,,KEEP,HIGH,OpenClaw integration asset
integrations/openclaw/grf-adapter/skills/nollm-grf/SKILL.md,md,integrations/openclaw/grf-adapter/skills/nollm-grf,OPENCLAW,,ACTIVE,production,host/session/plugin state,none,,,KEEP,HIGH,OpenClaw integration asset
integrations/openclaw/grf-adapter/src/index.ts,ts,integrations/openclaw/grf-adapter/src,OPENCLAW,,ACTIVE,production,host/session/plugin state,candidate,node:child_process;openclaw/plugin-sdk;openclaw/plugin-sdk/plugin-entry;typebox,,KEEP,HIGH,OpenClaw integration asset
integrations/openclaw/grf-adapter/tests/manifest.test.mjs,mjs,integrations/openclaw/grf-adapter/tests,OPENCLAW,,ACTIVE,production,host/session/plugin state,none,../openclaw.plugin.json;node:assert/strict;node:test,,KEEP,HIGH,OpenClaw integration asset
integrations/openclaw/grf-adapter/tsconfig.json,json,integrations/openclaw/grf-adapter,OPENCLAW,,ACTIVE,production,host/session/plugin state,none,,,KEEP,HIGH,OpenClaw integration asset
integrations/openclaw/nollm-memory-companion/.gitignore,none,integrations/openclaw/nollm-memory-companion,OPENCLAW,,ACTIVE,production,host/session/plugin state,none,,,KEEP,HIGH,OpenClaw integration asset
integrations/openclaw/nollm-memory-companion/README.md,md,integrations/openclaw/nollm-memory-companion,OPENCLAW,,ACTIVE,production,host/session/plugin state,none,,,KEEP,HIGH,OpenClaw integration asset
integrations/openclaw/nollm-memory-companion/examples/openclaw.config.example.json5,json5,integrations/openclaw/nollm-memory-companion/examples,OPENCLAW,,ACTIVE,production,host/session/plugin state,none,,,KEEP,HIGH,OpenClaw integration asset
integrations/openclaw/nollm-memory-companion/openclaw.plugin.json,json,integrations/openclaw/nollm-memory-companion,OPENCLAW,,ACTIVE,production,host/session/plugin state,none,,,KEEP,HIGH,OpenClaw integration asset
integrations/openclaw/nollm-memory-companion/package-lock.json,json,integrations/openclaw/nollm-memory-companion,OPENCLAW,,ACTIVE,production,host/session/plugin state,none,,,KEEP,HIGH,OpenClaw integration asset
integrations/openclaw/nollm-memory-companion/package.json,json,integrations/openclaw/nollm-memory-companion,OPENCLAW,,ACTIVE,production,host/session/plugin state,none,,,KEEP,HIGH,OpenClaw integration asset
integrations/openclaw/nollm-memory-companion/skill/SKILL.md,md,integrations/openclaw/nollm-memory-companion/skill,OPENCLAW,,ACTIVE,production,host/session/plugin state,none,,,KEEP,HIGH,OpenClaw integration asset
integrations/openclaw/nollm-memory-companion/src/index.ts,ts,integrations/openclaw/nollm-memory-companion/src,OPENCLAW,,ACTIVE,production,host/session/plugin state,candidate,./schemas.js;./sidecar.js;./types.js;openclaw/plugin-sdk/tool-plugin,,KEEP,HIGH,OpenClaw integration asset
integrations/openclaw/nollm-memory-companion/src/schemas.ts,ts,integrations/openclaw/nollm-memory-companion/src,OPENCLAW,,ACTIVE,production,host/session/plugin state,candidate,typebox,,KEEP,HIGH,OpenClaw integration asset
integrations/openclaw/nollm-memory-companion/src/sidecar.ts,ts,integrations/openclaw/nollm-memory-companion/src,OPENCLAW,,ACTIVE,production,host/session/plugin state,candidate,./types.js;node:child_process;node:fs;node:path,,KEEP,HIGH,OpenClaw integration asset
integrations/openclaw/nollm-memory-companion/src/types.ts,ts,integrations/openclaw/nollm-memory-companion/src,OPENCLAW,,ACTIVE,production,host/session/plugin state,candidate,,,KEEP,HIGH,OpenClaw integration asset
integrations/openclaw/nollm-memory-companion/tests/plugin-contract.test.mjs,mjs,integrations/openclaw/nollm-memory-companion/tests,OPENCLAW,,ACTIVE,production,host/session/plugin state,none,../dist/index.js;../dist/sidecar.js;node:assert/strict;node:fs;node:os;node:path;node:test;openclaw/plugin-sdk/tool-plugin,,KEEP,HIGH,OpenClaw integration asset
integrations/openclaw/nollm-memory-companion/tsconfig.json,json,integrations/openclaw/nollm-memory-companion,OPENCLAW,,ACTIVE,production,host/session/plugin state,none,,,KEEP,HIGH,OpenClaw integration asset
integrations/openclaw/nollm-memory-provider/README.md,md,integrations/openclaw/nollm-memory-provider,OPENCLAW,,ACTIVE,production,host/session/plugin state,none,,,KEEP,HIGH,OpenClaw integration asset
integrations/openclaw/nollm-memory-provider/docs/P0_01_EVIDENCE_PROTOCOL.md,md,integrations/openclaw/nollm-memory-provider/docs,OPENCLAW,,ACTIVE,production,host/session/plugin state,none,,,KEEP,HIGH,OpenClaw integration asset
integrations/openclaw/nollm-memory-provider/docs/W2_01_ACTIVE_MEMORY_TRIAL.md,md,integrations/openclaw/nollm-memory-provider/docs,OPENCLAW,,ACTIVE,production,host/session/plugin state,none,,,KEEP,HIGH,OpenClaw integration asset
integrations/openclaw/nollm-memory-provider/docs/WINDOWS_LIVE_PREFLIGHT.md,md,integrations/openclaw/nollm-memory-provider/docs,OPENCLAW,,ACTIVE,production,host/session/plugin state,none,,,KEEP,HIGH,OpenClaw integration asset
integrations/openclaw/nollm-memory-provider/examples/openclaw.alpha.config.example.json5,json5,integrations/openclaw/nollm-memory-provider/examples,OPENCLAW,,ACTIVE,production,host/session/plugin state,none,,,KEEP,HIGH,OpenClaw integration asset
integrations/openclaw/nollm-memory-provider/examples/openclaw.w2-active.config.example.json5,json5,integrations/openclaw/nollm-memory-provider/examples,OPENCLAW,,ACTIVE,production,host/session/plugin state,none,,,KEEP,HIGH,OpenClaw integration asset
integrations/openclaw/nollm-memory-provider/examples/windows-live-preflight.example.ps1,ps1,integrations/openclaw/nollm-memory-provider/examples,OPENCLAW,,ACTIVE,production,host/session/plugin state,none,,,KEEP,HIGH,OpenClaw integration asset
integrations/openclaw/nollm-memory-provider/fixtures/alpha-field.json,json,integrations/openclaw/nollm-memory-provider/fixtures,OPENCLAW,,ACTIVE,production,host/session/plugin state,none,,,KEEP,HIGH,OpenClaw integration asset
integrations/openclaw/nollm-memory-provider/openclaw.plugin.json,json,integrations/openclaw/nollm-memory-provider,OPENCLAW,,ACTIVE,production,host/session/plugin state,none,,,KEEP,HIGH,OpenClaw integration asset
integrations/openclaw/nollm-memory-provider/package-lock.json,json,integrations/openclaw/nollm-memory-provider,OPENCLAW,,ACTIVE,production,host/session/plugin state,none,,,KEEP,HIGH,OpenClaw integration asset
integrations/openclaw/nollm-memory-provider/package.json,json,integrations/openclaw/nollm-memory-provider,OPENCLAW,,ACTIVE,production,host/session/plugin state,none,,,KEEP,HIGH,OpenClaw integration asset
integrations/openclaw/nollm-memory-provider/scripts/generate-f0-04-evidence.mjs,mjs,integrations/openclaw/nollm-memory-provider/scripts,OPENCLAW,,ACTIVE,production,host/session/plugin state,none,node:child_process;node:crypto;node:fs;node:path;node:url,,KEEP,HIGH,OpenClaw integration asset
integrations/openclaw/nollm-memory-provider/scripts/host-integration-check.mjs,mjs,integrations/openclaw/nollm-memory-provider/scripts,OPENCLAW,,ACTIVE,production,host/session/plugin state,none,node:child_process;node:fs;node:os;node:path;node:url,,KEEP,HIGH,OpenClaw integration asset
integrations/openclaw/nollm-memory-provider/scripts/integration-harness.mjs,mjs,integrations/openclaw/nollm-memory-provider/scripts,OPENCLAW,,ACTIVE,production,host/session/plugin state,none,node:child_process;node:fs;node:os;node:path;node:url,,KEEP,HIGH,OpenClaw integration asset
integrations/openclaw/nollm-memory-provider/src/compat-registry.ts,ts,integrations/openclaw/nollm-memory-provider/src,OPENCLAW,,ACTIVE,production,host/session/plugin state,candidate,node:crypto,,KEEP,HIGH,OpenClaw integration asset
integrations/openclaw/nollm-memory-provider/src/config.ts,ts,integrations/openclaw/nollm-memory-provider/src,OPENCLAW,,ACTIVE,production,host/session/plugin state,candidate,./types.js;node:fs;node:path;typebox,,KEEP,HIGH,OpenClaw integration asset
integrations/openclaw/nollm-memory-provider/src/context-validation.ts,ts,integrations/openclaw/nollm-memory-provider/src,OPENCLAW,,ACTIVE,production,host/session/plugin state,candidate,./errors.js;./hook-context.js;./types.js,,KEEP,HIGH,OpenClaw integration asset
integrations/openclaw/nollm-memory-provider/src/errors.ts,ts,integrations/openclaw/nollm-memory-provider/src,OPENCLAW,,ACTIVE,production,host/session/plugin state,candidate,./types.js,,KEEP,HIGH,OpenClaw integration asset
integrations/openclaw/nollm-memory-provider/src/hook-context.ts,ts,integrations/openclaw/nollm-memory-provider/src,OPENCLAW,,ACTIVE,production,host/session/plugin state,candidate,./types.js,,KEEP,HIGH,OpenClaw integration asset
integrations/openclaw/nollm-memory-provider/src/identity.ts,ts,integrations/openclaw/nollm-memory-provider/src,OPENCLAW,,ACTIVE,production,host/session/plugin state,candidate,,,KEEP,HIGH,OpenClaw integration asset
integrations/openclaw/nollm-memory-provider/src/index.ts,ts,integrations/openclaw/nollm-memory-provider/src,OPENCLAW,,ACTIVE,production,host/session/plugin state,candidate,./config.js;./provider.js;openclaw/plugin-sdk/plugin-entry,,KEEP,HIGH,OpenClaw integration asset
integrations/openclaw/nollm-memory-provider/src/memory-runtime.ts,ts,integrations/openclaw/nollm-memory-provider/src,OPENCLAW,,ACTIVE,production,host/session/plugin state,candidate,./types.js;openclaw/plugin-sdk/memory-core-host-runtime-core;openclaw/plugin-sdk/plugin-entry,,KEEP,HIGH,OpenClaw integration asset
integrations/openclaw/nollm-memory-provider/src/provider.ts,ts,integrations/openclaw/nollm-memory-provider/src,OPENCLAW,,ACTIVE,production,host/session/plugin state,candidate,./config.js;./context-validation.js;./hook-context.js;./identity.js;./sidecar.js;./types.js;node:crypto;openclaw/plugin-sdk/memory-core-host-runtime-core;openclaw/plugin-sdk/plugin-entry,,KEEP,HIGH,OpenClaw integration asset
integrations/openclaw/nollm-memory-provider/src/sidecar.ts,ts,integrations/openclaw/nollm-memory-provider/src,OPENCLAW,,ACTIVE,production,host/session/plugin state,candidate,./errors.js;./types.js;node:child_process,,KEEP,HIGH,OpenClaw integration asset
integrations/openclaw/nollm-memory-provider/src/types.ts,ts,integrations/openclaw/nollm-memory-provider/src,OPENCLAW,,ACTIVE,production,host/session/plugin state,candidate,,,KEEP,HIGH,OpenClaw integration asset
integrations/openclaw/nollm-memory-provider/test-fixtures/preflight-command-fixtures.json,json,integrations/openclaw/nollm-memory-provider/test-fixtures,OPENCLAW,,ACTIVE,production,host/session/plugin state,none,,,KEEP,HIGH,OpenClaw integration asset
integrations/openclaw/nollm-memory-provider/test-fixtures/redaction-cases.json,json,integrations/openclaw/nollm-memory-provider/test-fixtures,OPENCLAW,,ACTIVE,production,host/session/plugin state,none,,,KEEP,HIGH,OpenClaw integration asset
integrations/openclaw/nollm-memory-provider/test-fixtures/windows-path-cases.json,json,integrations/openclaw/nollm-memory-provider/test-fixtures,OPENCLAW,,ACTIVE,production,host/session/plugin state,none,,,KEEP,HIGH,OpenClaw integration asset
integrations/openclaw/nollm-memory-provider/tests/capture-idempotency.test.mjs,mjs,integrations/openclaw/nollm-memory-provider/tests,OPENCLAW,,ACTIVE,production,host/session/plugin state,none,../dist/config.js;../dist/provider.js;./helpers.mjs;node:assert/strict;node:fs;node:path;node:test,,KEEP,HIGH,OpenClaw integration asset
integrations/openclaw/nollm-memory-provider/tests/compat-registry.test.mjs,mjs,integrations/openclaw/nollm-memory-provider/tests,OPENCLAW,,ACTIVE,production,host/session/plugin state,none,../dist/compat-registry.js;node:assert/strict;node:test,,KEEP,HIGH,OpenClaw integration asset
integrations/openclaw/nollm-memory-provider/tests/compatibility-runtime.test.mjs,mjs,integrations/openclaw/nollm-memory-provider/tests,OPENCLAW,,ACTIVE,production,host/session/plugin state,none,../dist/config.js;../dist/memory-runtime.js;./helpers.mjs;node:assert/strict;node:test,,KEEP,HIGH,OpenClaw integration asset
integrations/openclaw/nollm-memory-provider/tests/config-validation.test.mjs,mjs,integrations/openclaw/nollm-memory-provider/tests,OPENCLAW,,ACTIVE,production,host/session/plugin state,none,../dist/config.js;./helpers.mjs;node:assert/strict;node:fs;node:os;node:path;node:test,,KEEP,HIGH,OpenClaw integration asset
integrations/openclaw/nollm-memory-provider/tests/context-validation.test.mjs,mjs,integrations/openclaw/nollm-memory-provider/tests,OPENCLAW,,ACTIVE,production,host/session/plugin state,none,../dist/context-validation.js;node:assert/strict;node:test,,KEEP,HIGH,OpenClaw integration asset
integrations/openclaw/nollm-memory-provider/tests/helpers.mjs,mjs,integrations/openclaw/nollm-memory-provider/tests,OPENCLAW,,ACTIVE,production,host/session/plugin state,none,node:child_process;node:fs;node:os;node:path,,KEEP,HIGH,OpenClaw integration asset
integrations/openclaw/nollm-memory-provider/tests/identity.test.mjs,mjs,integrations/openclaw/nollm-memory-provider/tests,OPENCLAW,,ACTIVE,production,host/session/plugin state,none,../dist/identity.js;node:assert/strict;node:test,,KEEP,HIGH,OpenClaw integration asset
integrations/openclaw/nollm-memory-provider/tests/no-legacy-access.test.mjs,mjs,integrations/openclaw/nollm-memory-provider/tests,OPENCLAW,,ACTIVE,production,host/session/plugin state,none,../dist/config.js;../dist/sidecar.js;./helpers.mjs;node:assert/strict;node:fs;node:path;node:test,,KEEP,HIGH,OpenClaw integration asset
integrations/openclaw/nollm-memory-provider/tests/plugin-contract.test.mjs,mjs,integrations/openclaw/nollm-memory-provider/tests,OPENCLAW,,ACTIVE,production,host/session/plugin state,none,../dist/provider.js;./helpers.mjs;node:assert/strict;node:fs;node:path;node:test,,KEEP,HIGH,OpenClaw integration asset
integrations/openclaw/nollm-memory-provider/tests/preflight-redaction.test.mjs,mjs,integrations/openclaw/nollm-memory-provider/tests,OPENCLAW,,ACTIVE,production,host/session/plugin state,none,node:assert;node:fs;node:path;node:test;node:url,,KEEP,HIGH,OpenClaw integration asset
integrations/openclaw/nollm-memory-provider/tests/preflight-report-schema.test.mjs,mjs,integrations/openclaw/nollm-memory-provider/tests,OPENCLAW,,ACTIVE,production,host/session/plugin state,none,node:assert;node:fs;node:path;node:test;node:url,,KEEP,HIGH,OpenClaw integration asset
integrations/openclaw/nollm-memory-provider/tests/runtime-hook.integration.test.mjs,mjs,integrations/openclaw/nollm-memory-provider/tests,OPENCLAW,,ACTIVE,production,host/session/plugin state,none,../dist/config.js;../dist/provider.js;../dist/sidecar.js;./helpers.mjs;node:assert/strict;node:fs;node:path;node:test,,KEEP,HIGH,OpenClaw integration asset
integrations/openclaw/nollm-memory-provider/tests/tool-surface.integration.test.mjs,mjs,integrations/openclaw/nollm-memory-provider/tests,OPENCLAW,,ACTIVE,production,host/session/plugin state,none,../dist/provider.js;./helpers.mjs;node:assert/strict;node:fs;node:path;node:test,,KEEP,HIGH,OpenClaw integration asset
integrations/openclaw/nollm-memory-provider/tests/windows-live-preflight.static.test.mjs,mjs,integrations/openclaw/nollm-memory-provider/tests,OPENCLAW,,ACTIVE,production,host/session/plugin state,none,node:assert;node:fs;node:path;node:test;node:url,,KEEP,HIGH,OpenClaw integration asset
integrations/openclaw/nollm-memory-provider/tests/windows-path-normalization.test.mjs,mjs,integrations/openclaw/nollm-memory-provider/tests,OPENCLAW,,ACTIVE,production,host/session/plugin state,none,node:assert;node:fs;node:path;node:test;node:url,,KEEP,HIGH,OpenClaw integration asset
integrations/openclaw/nollm-memory-provider/tools/preflight-report-schema.json,json,integrations/openclaw/nollm-memory-provider/tools,OPENCLAW,,ACTIVE,production,host/session/plugin state,none,,,KEEP,HIGH,OpenClaw integration asset
integrations/openclaw/nollm-memory-provider/tools/windows-live-preflight.ps1,ps1,integrations/openclaw/nollm-memory-provider/tools,OPENCLAW,,ACTIVE,production,host/session/plugin state,none,,,KEEP,HIGH,OpenClaw integration asset
integrations/openclaw/nollm-memory-provider/tsconfig.json,json,integrations/openclaw/nollm-memory-provider,OPENCLAW,,ACTIVE,production,host/session/plugin state,none,,,KEEP,HIGH,OpenClaw integration asset
integrations/openclaw/v2-adapter/README.md,md,integrations/openclaw/v2-adapter,OPENCLAW,,ACTIVE,production,host/session/plugin state,none,,,KEEP,HIGH,OpenClaw integration asset
integrations/openclaw/v2-adapter/capabilities.json,json,integrations/openclaw/v2-adapter,OPENCLAW,,ACTIVE,production,host/session/plugin state,none,,,KEEP,HIGH,OpenClaw integration asset
lab/nollm-lab/README.md,md,lab/nollm-lab,LAB,,ACTIVE,development_or_reference,development-only results,none,,,KEEP,HIGH,"test, experiment, fixture, or benchmark"
lab/nollm-lab/openclaw/datasets/NOLLM_LLM_PLACEMENT_CORPUS_V1.jsonl,jsonl,lab/nollm-lab/openclaw/datasets,LAB,,ACTIVE,development_or_reference,development-only results,none,,,KEEP,HIGH,"test, experiment, fixture, or benchmark"
lab/nollm-lab/openclaw/results/placement_v1/INVALIDATED.md,md,lab/nollm-lab/openclaw/results/placement_v1,LAB,,ACTIVE,development_or_reference,development-only results,none,,,KEEP,HIGH,"test, experiment, fixture, or benchmark"
lab/nollm-lab/openclaw/results/placement_v1/batch_1_summary.json,json,lab/nollm-lab/openclaw/results/placement_v1,LAB,,ACTIVE,development_or_reference,development-only results,none,,,KEEP,HIGH,"test, experiment, fixture, or benchmark"
lab/nollm-lab/openclaw/results/placement_v1/frozen_run_config.json,json,lab/nollm-lab/openclaw/results/placement_v1,LAB,,ACTIVE,development_or_reference,development-only results,none,,,KEEP,HIGH,"test, experiment, fixture, or benchmark"
lab/nollm-lab/openclaw/results/placement_v1/results.jsonl,jsonl,lab/nollm-lab/openclaw/results/placement_v1,LAB,,ACTIVE,development_or_reference,development-only results,none,,,KEEP,HIGH,"test, experiment, fixture, or benchmark"
lab/nollm-lab/openclaw/results/placement_v1/run_state.json,json,lab/nollm-lab/openclaw/results/placement_v1,LAB,,ACTIVE,development_or_reference,development-only results,none,,,KEEP,HIGH,"test, experiment, fixture, or benchmark"
lab/nollm-lab/openclaw/results/placement_v2/batch_1_summary.json,json,lab/nollm-lab/openclaw/results/placement_v2,LAB,,ACTIVE,development_or_reference,development-only results,none,,,KEEP,HIGH,"test, experiment, fixture, or benchmark"
lab/nollm-lab/openclaw/results/placement_v2/batch_7_summary.json,json,lab/nollm-lab/openclaw/results/placement_v2,LAB,,ACTIVE,development_or_reference,development-only results,none,,,KEEP,HIGH,"test, experiment, fixture, or benchmark"
lab/nollm-lab/openclaw/results/placement_v2/frozen_run_config.json,json,lab/nollm-lab/openclaw/results/placement_v2,LAB,,ACTIVE,development_or_reference,development-only results,none,,,KEEP,HIGH,"test, experiment, fixture, or benchmark"
lab/nollm-lab/openclaw/results/placement_v2/results.jsonl,jsonl,lab/nollm-lab/openclaw/results/placement_v2,LAB,,ACTIVE,development_or_reference,development-only results,none,,,KEEP,HIGH,"test, experiment, fixture, or benchmark"
lab/nollm-lab/openclaw/results/placement_v2/run_state.json,json,lab/nollm-lab/openclaw/results/placement_v2,LAB,,ACTIVE,development_or_reference,development-only results,none,,,KEEP,HIGH,"test, experiment, fixture, or benchmark"
legacy/quarantine/README.md,md,legacy/quarantine,LEGACY,,MIGRATION_ASSET,development_or_reference,historical,none,,,QUARANTINE,LOW,preserved migration or historical asset
packages/COMPATIBILITY_REEXPORTS.md,md,packages,DISTRIBUTION,,ACTIVE,development_or_reference,none,none,,,KEEP,MEDIUM,root repository governance or packaging asset
packages/nollm-access/pyproject.toml,toml,packages/nollm-access,ACCESS,,ACTIVE,production,product decisions and handles,none,,,KEEP,HIGH,access package asset
packages/nollm-access/src/nollm_access/__init__.py,py,packages/nollm-access/src/nollm_access,ACCESS,,ACTIVE,production,product decisions and handles,candidate,,,KEEP,HIGH,access package asset
packages/nollm-audit/pyproject.toml,toml,packages/nollm-audit,AUDIT,,CANDIDATE,production,audit records,none,,,KEEP,HIGH,audit package skeleton
packages/nollm-audit/src/nollm_audit/__init__.py,py,packages/nollm-audit/src/nollm_audit,AUDIT,,CANDIDATE,production,audit records,candidate,,,KEEP,HIGH,audit package skeleton
packages/nollm-core/pyproject.toml,toml,packages/nollm-core,CORE,,ACTIVE,production,current geometry state,none,,,KEEP,HIGH,core package asset
packages/nollm-core/src/nollm_core/__init__.py,py,packages/nollm-core/src/nollm_core,CORE,,ACTIVE,production,current geometry state,candidate,.ports,,KEEP,HIGH,core package asset
packages/nollm-core/src/nollm_core/ports.py,py,packages/nollm-core/src/nollm_core,CORE,,ACTIVE,production,current geometry state,candidate,__future__;dataclasses;typing,,KEEP,HIGH,core package asset
packages/nollm-history/pyproject.toml,toml,packages/nollm-history,HISTORY,,CANDIDATE,production,semantic history,none,,,KEEP,HIGH,history package skeleton
packages/nollm-history/src/nollm_history/__init__.py,py,packages/nollm-history/src/nollm_history,HISTORY,,CANDIDATE,production,semantic history,candidate,,,KEEP,HIGH,history package skeleton
packages/nollm-snapshot/pyproject.toml,toml,packages/nollm-snapshot,SNAPSHOT,,ACTIVE,production,snapshot artifacts,none,,,KEEP,HIGH,snapshot package asset
packages/nollm-snapshot/src/nollm_snapshot/__init__.py,py,packages/nollm-snapshot/src/nollm_snapshot,SNAPSHOT,,ACTIVE,production,snapshot artifacts,candidate,.service,,KEEP,HIGH,snapshot package asset
packages/nollm-snapshot/src/nollm_snapshot/service.py,py,packages/nollm-snapshot/src/nollm_snapshot,SNAPSHOT,,ACTIVE,production,snapshot artifacts,candidate,__future__;nollm_core,,KEEP,HIGH,snapshot package asset
packages/nollm-trace/pyproject.toml,toml,packages/nollm-trace,TRACE,,ACTIVE,production,observability events,none,,,KEEP,HIGH,trace package asset
packages/nollm-trace/src/nollm_trace/__init__.py,py,packages/nollm-trace/src/nollm_trace,TRACE,,ACTIVE,production,observability events,candidate,.sinks,,KEEP,HIGH,trace package asset
packages/nollm-trace/src/nollm_trace/sinks.py,py,packages/nollm-trace/src/nollm_trace,TRACE,,ACTIVE,production,observability events,candidate,__future__;json;nollm_core;pathlib;typing,,KEEP,HIGH,trace package asset
protocol/ACTIONS.md,md,protocol,ACCESS,,MIGRATION_ASSET,production,wire contracts,none,,,SPLIT,MEDIUM,protocol mixes product and Core contracts
protocol/ANCHOR.md,md,protocol,ACCESS,,MIGRATION_ASSET,production,wire contracts,none,,,SPLIT,MEDIUM,protocol mixes product and Core contracts
protocol/ANCHOR_FIELD.md,md,protocol,ACCESS,,MIGRATION_ASSET,production,wire contracts,none,,,SPLIT,MEDIUM,protocol mixes product and Core contracts
protocol/ANNOTATION.md,md,protocol,ACCESS,,MIGRATION_ASSET,production,wire contracts,none,,,SPLIT,MEDIUM,protocol mixes product and Core contracts
protocol/ARCHIVE.md,md,protocol,ACCESS,,MIGRATION_ASSET,production,wire contracts,none,,,SPLIT,MEDIUM,protocol mixes product and Core contracts
protocol/AUDIT.md,md,protocol,ACCESS,,MIGRATION_ASSET,production,wire contracts,none,,,SPLIT,MEDIUM,protocol mixes product and Core contracts
protocol/AUDIT_SCHEMA.md,md,protocol,ACCESS,,MIGRATION_ASSET,production,wire contracts,none,,,SPLIT,MEDIUM,protocol mixes product and Core contracts
protocol/CARD.md,md,protocol,ACCESS,,MIGRATION_ASSET,production,wire contracts,none,,,SPLIT,MEDIUM,protocol mixes product and Core contracts
protocol/CLUSTER_PRESSURE.md,md,protocol,ACCESS,,MIGRATION_ASSET,production,wire contracts,none,,,SPLIT,MEDIUM,protocol mixes product and Core contracts
protocol/DREAM_PLACEMENT.md,md,protocol,ACCESS,,MIGRATION_ASSET,production,wire contracts,none,,,SPLIT,MEDIUM,protocol mixes product and Core contracts
protocol/DREAM_SCALE_SCAN.md,md,protocol,ACCESS,,MIGRATION_ASSET,production,wire contracts,none,,,SPLIT,MEDIUM,protocol mixes product and Core contracts
protocol/DREAM_SHARD.md,md,protocol,ACCESS,,MIGRATION_ASSET,production,wire contracts,none,,,SPLIT,MEDIUM,protocol mixes product and Core contracts
protocol/DRIFT_REPORT.md,md,protocol,ACCESS,,MIGRATION_ASSET,production,wire contracts,none,,,SPLIT,MEDIUM,protocol mixes product and Core contracts
protocol/GRAVITY_MARK.md,md,protocol,ACCESS,,MIGRATION_ASSET,production,wire contracts,none,,,SPLIT,MEDIUM,protocol mixes product and Core contracts
protocol/GRAVITY_WELL.md,md,protocol,ACCESS,,MIGRATION_ASSET,production,wire contracts,none,,,SPLIT,MEDIUM,protocol mixes product and Core contracts
protocol/HISTORY.md,md,protocol,ACCESS,,MIGRATION_ASSET,production,wire contracts,none,,,SPLIT,MEDIUM,protocol mixes product and Core contracts
protocol/HONEYCOMB_FIELD.md,md,protocol,ACCESS,,MIGRATION_ASSET,production,wire contracts,none,,,SPLIT,MEDIUM,protocol mixes product and Core contracts
protocol/JSON_ENVELOPE.md,md,protocol,ACCESS,,MIGRATION_ASSET,production,wire contracts,none,,,SPLIT,MEDIUM,protocol mixes product and Core contracts
protocol/LEDGER.md,md,protocol,ACCESS,,MIGRATION_ASSET,production,wire contracts,none,,,SPLIT,MEDIUM,protocol mixes product and Core contracts
protocol/LEGACY_IMPORT.md,md,protocol,ACCESS,,MIGRATION_ASSET,production,wire contracts,none,,,SPLIT,MEDIUM,protocol mixes product and Core contracts
protocol/MEMORY_ADDRESS.md,md,protocol,ACCESS,,MIGRATION_ASSET,production,wire contracts,none,,,SPLIT,MEDIUM,protocol mixes product and Core contracts
protocol/NOLLM_PROTOCOL.md,md,protocol,ACCESS,,MIGRATION_ASSET,production,wire contracts,none,,,SPLIT,MEDIUM,protocol mixes product and Core contracts
protocol/PARAMETER_EXPERIMENTS.md,md,protocol,ACCESS,,MIGRATION_ASSET,production,wire contracts,none,,,SPLIT,MEDIUM,protocol mixes product and Core contracts
protocol/PARAMETER_PROFILES.md,md,protocol,ACCESS,,MIGRATION_ASSET,production,wire contracts,none,,,SPLIT,MEDIUM,protocol mixes product and Core contracts
protocol/RAW_EVENT.md,md,protocol,ACCESS,,MIGRATION_ASSET,production,wire contracts,none,,,SPLIT,MEDIUM,protocol mixes product and Core contracts
protocol/READ.md,md,protocol,ACCESS,,MIGRATION_ASSET,production,wire contracts,none,,,SPLIT,MEDIUM,protocol mixes product and Core contracts
protocol/RECALL_DIGEST.md,md,protocol,ACCESS,,MIGRATION_ASSET,production,wire contracts,none,,,SPLIT,MEDIUM,protocol mixes product and Core contracts
protocol/RETURN_VECTOR.md,md,protocol,ACCESS,,MIGRATION_ASSET,production,wire contracts,none,,,SPLIT,MEDIUM,protocol mixes product and Core contracts
protocol/REVIEW.md,md,protocol,ACCESS,,MIGRATION_ASSET,production,wire contracts,none,,,SPLIT,MEDIUM,protocol mixes product and Core contracts
protocol/SCALE_SCAN.md,md,protocol,ACCESS,,MIGRATION_ASSET,production,wire contracts,none,,,SPLIT,MEDIUM,protocol mixes product and Core contracts
protocol/SOURCE.md,md,protocol,ACCESS,,MIGRATION_ASSET,production,wire contracts,none,,,SPLIT,MEDIUM,protocol mixes product and Core contracts
protocol/STATUS.md,md,protocol,ACCESS,,MIGRATION_ASSET,production,wire contracts,none,,,SPLIT,MEDIUM,protocol mixes product and Core contracts
protocol/TERMINOLOGY.md,md,protocol,ACCESS,,MIGRATION_ASSET,production,wire contracts,none,,,SPLIT,MEDIUM,protocol mixes product and Core contracts
protocol/TOOL_SURFACE.md,md,protocol,ACCESS,,MIGRATION_ASSET,production,wire contracts,none,,,SPLIT,MEDIUM,protocol mixes product and Core contracts
protocol/TRUST.md,md,protocol,ACCESS,,MIGRATION_ASSET,production,wire contracts,none,,,SPLIT,MEDIUM,protocol mixes product and Core contracts
protocol/TYPES.md,md,protocol,ACCESS,,MIGRATION_ASSET,production,wire contracts,none,,,SPLIT,MEDIUM,protocol mixes product and Core contracts
protocol/VALIDATION.md,md,protocol,ACCESS,,MIGRATION_ASSET,production,wire contracts,none,,,SPLIT,MEDIUM,protocol mixes product and Core contracts
protocol/v2/BA1_BATCH_ADMISSION_COORDINATOR.md,md,protocol/v2,ACCESS,,MIGRATION_ASSET,production,wire contracts,none,,,SPLIT,MEDIUM,protocol mixes product and Core contracts
protocol/v2/CONSTITUTION.md,md,protocol/v2,ACCESS,,MIGRATION_ASSET,production,wire contracts,none,,,SPLIT,MEDIUM,protocol mixes product and Core contracts
protocol/v2/CX2_CORTEX_ACTION_PLAN.md,md,protocol/v2,ACCESS,,MIGRATION_ASSET,production,wire contracts,none,,,SPLIT,MEDIUM,protocol mixes product and Core contracts
protocol/v2/CX2_EXTERNAL_MODEL_BOUNDARY.md,md,protocol/v2,ACCESS,,MIGRATION_ASSET,production,wire contracts,none,,,SPLIT,MEDIUM,protocol mixes product and Core contracts
protocol/v2/DA1_MEMORY_ADMISSION_CONTRACT.md,md,protocol/v2,ACCESS,,MIGRATION_ASSET,production,wire contracts,none,,,SPLIT,MEDIUM,protocol mixes product and Core contracts
protocol/v2/DA1_MEMORY_ADMISSION_CONVENTIONS.md,md,protocol/v2,ACCESS,,MIGRATION_ASSET,production,wire contracts,none,,,SPLIT,MEDIUM,protocol mixes product and Core contracts
protocol/v2/DC1_CORTEX_COMPILER_CONTRACT.md,md,protocol/v2,ACCESS,,MIGRATION_ASSET,production,wire contracts,none,,,SPLIT,MEDIUM,protocol mixes product and Core contracts
protocol/v2/DC1_CORTEX_COMPILER_CONVENTIONS.md,md,protocol/v2,ACCESS,,MIGRATION_ASSET,production,wire contracts,none,,,SPLIT,MEDIUM,protocol mixes product and Core contracts
protocol/v2/DE1_MEMORY_SUBSTRATE_CONTRACT.md,md,protocol/v2,ACCESS,,MIGRATION_ASSET,production,wire contracts,none,,,SPLIT,MEDIUM,protocol mixes product and Core contracts
protocol/v2/DE1_MEMORY_SUBSTRATE_CONVENTIONS.md,md,protocol/v2,ACCESS,,MIGRATION_ASSET,production,wire contracts,none,,,SPLIT,MEDIUM,protocol mixes product and Core contracts
protocol/v2/DF1_FIELD_SNAPSHOT_ASSEMBLY.md,md,protocol/v2,ACCESS,,MIGRATION_ASSET,production,wire contracts,none,,,SPLIT,MEDIUM,protocol mixes product and Core contracts
protocol/v2/DF1_RECALL_UNIVERSE_VIEW.md,md,protocol/v2,ACCESS,,MIGRATION_ASSET,production,wire contracts,none,,,SPLIT,MEDIUM,protocol mixes product and Core contracts
protocol/v2/DG2_FIELD_DYNAMICS_CONTRACT.md,md,protocol/v2,ACCESS,,MIGRATION_ASSET,production,wire contracts,none,,,SPLIT,MEDIUM,protocol mixes product and Core contracts
protocol/v2/DG5_EVIDENCE_PRESERVING_COMPACTION.md,md,protocol/v2,ACCESS,,MIGRATION_ASSET,production,wire contracts,none,,,SPLIT,MEDIUM,protocol mixes product and Core contracts
protocol/v2/DG6_ISOLATED_SNAPSHOT_COMPACTION_ADAPTER.md,md,protocol/v2,ACCESS,,MIGRATION_ASSET,production,wire contracts,none,,,SPLIT,MEDIUM,protocol mixes product and Core contracts
protocol/v2/DG7_EXPLICIT_REFERENCE_RUNTIME_POSITIVE_VERIFICATION.md,md,protocol/v2,ACCESS,,MIGRATION_ASSET,production,wire contracts,none,,,SPLIT,MEDIUM,protocol mixes product and Core contracts
protocol/v2/DI1_INTEGRATION_SHELL_CONTRACT.md,md,protocol/v2,ACCESS,,MIGRATION_ASSET,production,wire contracts,none,,,SPLIT,MEDIUM,protocol mixes product and Core contracts
protocol/v2/DX1_SYNTHETIC_MEMORY_CYCLE_CONTRACT.md,md,protocol/v2,ACCESS,,MIGRATION_ASSET,production,wire contracts,none,,,SPLIT,MEDIUM,protocol mixes product and Core contracts
protocol/v2/DX2_MULTI_ADMISSION_ASSEMBLY_RECALL_VALIDATION.md,md,protocol/v2,ACCESS,,MIGRATION_ASSET,production,wire contracts,none,,,SPLIT,MEDIUM,protocol mixes product and Core contracts
protocol/v2/GAT1_CHART_GROUPOID_VALIDATION.md,md,protocol/v2,ACCESS,,MIGRATION_ASSET,production,wire contracts,none,,,SPLIT,MEDIUM,protocol mixes product and Core contracts
protocol/v2/GCM1_SPARSE_COLLISION_TRACE_COMPACTION_VALIDATION.md,md,protocol/v2,ACCESS,,MIGRATION_ASSET,production,wire contracts,none,,,SPLIT,MEDIUM,protocol mixes product and Core contracts
protocol/v2/GEO1_GEOMETRY_EVIDENCE_CONSOLIDATION.md,md,protocol/v2,ACCESS,,MIGRATION_ASSET,production,wire contracts,none,,,SPLIT,MEDIUM,protocol mixes product and Core contracts
protocol/v2/GKC1_DIRECTIONAL_KERNEL_COMPOSITION_VALIDATION.md,md,protocol/v2,ACCESS,,MIGRATION_ASSET,production,wire contracts,none,,,SPLIT,MEDIUM,protocol mixes product and Core contracts
protocol/v2/GKD1_BIDIRECTIONAL_COVERAGE_VALIDATION.md,md,protocol/v2,ACCESS,,MIGRATION_ASSET,production,wire contracts,none,,,SPLIT,MEDIUM,protocol mixes product and Core contracts
protocol/v2/GPR1_GEOMETRY_PROFILE_REGIME_VALIDATION.md,md,protocol/v2,ACCESS,,MIGRATION_ASSET,production,wire contracts,none,,,SPLIT,MEDIUM,protocol mixes product and Core contracts
protocol/v2/GRA1_ROTATION_SCALE_RESONANCE_VALIDATION.md,md,protocol/v2,ACCESS,,MIGRATION_ASSET,production,wire contracts,none,,,SPLIT,MEDIUM,protocol mixes product and Core contracts
protocol/v2/GRC1_RESONANCE_CONDITIONED_COVERAGE_VALIDATION.md,md,protocol/v2,ACCESS,,MIGRATION_ASSET,production,wire contracts,none,,,SPLIT,MEDIUM,protocol mixes product and Core contracts
protocol/v2/GSC1_SPARSE_SHARD_SCALE_COVERAGE_VALIDATION.md,md,protocol/v2,ACCESS,,MIGRATION_ASSET,production,wire contracts,none,,,SPLIT,MEDIUM,protocol mixes product and Core contracts
protocol/v2/GVR1_TRANSLATION_VARIATION_VALIDATION.md,md,protocol/v2,ACCESS,,MIGRATION_ASSET,production,wire contracts,none,,,SPLIT,MEDIUM,protocol mixes product and Core contracts
protocol/v2/HAG1_FILE_FIRST_EXPLICIT_ADMISSION_GATEWAY.md,md,protocol/v2,ACCESS,,MIGRATION_ASSET,production,wire contracts,none,,,SPLIT,MEDIUM,protocol mixes product and Core contracts
protocol/v2/HCG1_FILE_FIRST_CAPTURE_GATEWAY.md,md,protocol/v2,ACCESS,,MIGRATION_ASSET,production,wire contracts,none,,,SPLIT,MEDIUM,protocol mixes product and Core contracts
protocol/v2/HX1_TRUSTED_HOST_STAGED_EXECUTION.md,md,protocol/v2,ACCESS,,MIGRATION_ASSET,production,wire contracts,none,,,SPLIT,MEDIUM,protocol mixes product and Core contracts
protocol/v2/INVARIANTS.md,md,protocol/v2,ACCESS,,MIGRATION_ASSET,production,wire contracts,none,,,SPLIT,MEDIUM,protocol mixes product and Core contracts
protocol/v2/LAYER_CONSTITUTION.md,md,protocol/v2,ACCESS,,MIGRATION_ASSET,production,wire contracts,none,,,SPLIT,MEDIUM,protocol mixes product and Core contracts
protocol/v2/LEGACY_BOUNDARY.md,md,protocol/v2,ACCESS,,MIGRATION_ASSET,production,wire contracts,none,,,SPLIT,MEDIUM,protocol mixes product and Core contracts
protocol/v2/MODULE_DEPENDENCY_RULES.md,md,protocol/v2,ACCESS,,MIGRATION_ASSET,production,wire contracts,none,,,SPLIT,MEDIUM,protocol mixes product and Core contracts
protocol/v2/OBJECT_OWNERSHIP.md,md,protocol/v2,ACCESS,,MIGRATION_ASSET,production,wire contracts,none,,,SPLIT,MEDIUM,protocol mixes product and Core contracts
protocol/v2/RC1_DF1_DR1_RECALL_UNIVERSE_CONTRACT.md,md,protocol/v2,ACCESS,,MIGRATION_ASSET,production,wire contracts,none,,,SPLIT,MEDIUM,protocol mixes product and Core contracts
protocol/v2/RECALL_RESOLVER.md,md,protocol/v2,ACCESS,,MIGRATION_ASSET,production,wire contracts,none,,,SPLIT,MEDIUM,protocol mixes product and Core contracts
protocol/v2/TQ1_BOUNDED_COMPLETE_TEST_MATRIX.md,md,protocol/v2,ACCESS,,MIGRATION_ASSET,production,wire contracts,none,,,SPLIT,MEDIUM,protocol mixes product and Core contracts
protocol/v3/CELL_ADDRESS.md,md,protocol/v3,ACCESS,,MIGRATION_ASSET,production,wire contracts,none,,,SPLIT,MEDIUM,protocol mixes product and Core contracts
protocol/v3/COVERAGE_KERNEL.md,md,protocol/v3,ACCESS,,MIGRATION_ASSET,production,wire contracts,none,,,SPLIT,MEDIUM,protocol mixes product and Core contracts
protocol/v3/EVIDENCE_ISLAND.md,md,protocol/v3,ACCESS,,MIGRATION_ASSET,production,wire contracts,none,,,SPLIT,MEDIUM,protocol mixes product and Core contracts
protocol/v3/GRF4R_READINESS.md,md,protocol/v3,ACCESS,,MIGRATION_ASSET,production,wire contracts,none,,,SPLIT,MEDIUM,protocol mixes product and Core contracts
protocol/v3/GRF_CAPTURE.md,md,protocol/v3,ACCESS,,MIGRATION_ASSET,production,wire contracts,none,,,SPLIT,MEDIUM,protocol mixes product and Core contracts
protocol/v3/GRF_CONTRACT_EVOLUTION.md,md,protocol/v3,ACCESS,,MIGRATION_ASSET,production,wire contracts,none,,,SPLIT,MEDIUM,protocol mixes product and Core contracts
protocol/v3/GRF_FACADE.md,md,protocol/v3,ACCESS,,MIGRATION_ASSET,production,wire contracts,none,,,SPLIT,MEDIUM,protocol mixes product and Core contracts
protocol/v3/GRF_FIELD_ENGINE.md,md,protocol/v3,ACCESS,,MIGRATION_ASSET,production,wire contracts,none,,,SPLIT,MEDIUM,protocol mixes product and Core contracts
protocol/v3/GRF_GLOBAL_SHARDED_FIELD.md,md,protocol/v3,ACCESS,,MIGRATION_ASSET,production,wire contracts,none,,,SPLIT,MEDIUM,protocol mixes product and Core contracts
protocol/v3/GRF_HOST_CONTRACT.md,md,protocol/v3,ACCESS,,MIGRATION_ASSET,production,wire contracts,none,,,SPLIT,MEDIUM,protocol mixes product and Core contracts
protocol/v3/GRF_LEDGER.md,md,protocol/v3,ACCESS,,MIGRATION_ASSET,production,wire contracts,none,,,SPLIT,MEDIUM,protocol mixes product and Core contracts
protocol/v3/GRF_MIGRATION_BOUNDARY.md,md,protocol/v3,ACCESS,,MIGRATION_ASSET,production,wire contracts,none,,,SPLIT,MEDIUM,protocol mixes product and Core contracts
protocol/v3/GRF_PLACEMENT_POLICY.md,md,protocol/v3,ACCESS,,MIGRATION_ASSET,production,wire contracts,none,,,SPLIT,MEDIUM,protocol mixes product and Core contracts
protocol/v3/GRF_PROFILE.md,md,protocol/v3,ACCESS,,MIGRATION_ASSET,production,wire contracts,none,,,SPLIT,MEDIUM,protocol mixes product and Core contracts
protocol/v3/GRF_QUERY_GENERALIZATION.md,md,protocol/v3,ACCESS,,MIGRATION_ASSET,production,wire contracts,none,,,SPLIT,MEDIUM,protocol mixes product and Core contracts
protocol/v3/GRF_REPLAY.md,md,protocol/v3,ACCESS,,MIGRATION_ASSET,production,wire contracts,none,,,SPLIT,MEDIUM,protocol mixes product and Core contracts
protocol/v3/GRF_STORAGE_LAYOUT.md,md,protocol/v3,ACCESS,,MIGRATION_ASSET,production,wire contracts,none,,,SPLIT,MEDIUM,protocol mixes product and Core contracts
protocol/v3/SOURCE_WINDOW.md,md,protocol/v3,ACCESS,,MIGRATION_ASSET,production,wire contracts,none,,,SPLIT,MEDIUM,protocol mixes product and Core contracts
protocol/v3/STITCH_PROPOSAL.md,md,protocol/v3,ACCESS,,MIGRATION_ASSET,production,wire contracts,none,,,SPLIT,MEDIUM,protocol mixes product and Core contracts
reference/python/PACKAGING.md,md,reference/python,DISTRIBUTION,,ACTIVE,development_or_reference,none,none,,,KEEP,MEDIUM,root repository governance or packaging asset
reference/python/YAML_SUBSET.md,md,reference/python,DISTRIBUTION,,ACTIVE,development_or_reference,none,none,,,KEEP,MEDIUM,root repository governance or packaging asset
reference/python/nollm/__init__.py,py,reference/python/nollm,LEGACY,,HISTORICAL,development_or_reference,historical or mixed runtime state,candidate,,,QUARANTINE,LOW,pre-modular root source retained pending M1 extraction
reference/python/nollm/annotation.py,py,reference/python/nollm,LEGACY,,HISTORICAL,development_or_reference,historical or mixed runtime state,candidate,.filesystem;.ids;.models;__future__;pathlib;typing,,QUARANTINE,LOW,pre-modular root source retained pending M1 extraction
reference/python/nollm/archive.py,py,reference/python/nollm,LEGACY,,HISTORICAL,development_or_reference,historical or mixed runtime state,candidate,.archive_manifest;.path_safety;.safe_storage;.source_policy;__future__;datetime;json;pathlib;shutil;typing,,QUARANTINE,LOW,pre-modular root source retained pending M1 extraction
reference/python/nollm/archive_manifest.py,py,reference/python/nollm,LEGACY,,HISTORICAL,development_or_reference,historical or mixed runtime state,candidate,.safe_storage;__future__;hashlib;json;pathlib;typing,,QUARANTINE,LOW,pre-modular root source retained pending M1 extraction
reference/python/nollm/audit.py,py,reference/python/nollm,LEGACY,,HISTORICAL,development_or_reference,historical or mixed runtime state,candidate,.filesystem;.validation;__future__;collections;json;pathlib;typing,,QUARANTINE,LOW,pre-modular root source retained pending M1 extraction
reference/python/nollm/chart_gluing.py,py,reference/python/nollm,LEGACY,,HISTORICAL,development_or_reference,historical or mixed runtime state,candidate,__future__;dataclasses;json;nollm.geometry;typing,,QUARANTINE,LOW,pre-modular root source retained pending M1 extraction
reference/python/nollm/cli.py,py,reference/python/nollm,LEGACY,,HISTORICAL,development_or_reference,historical or mixed runtime state,candidate,.annotation;.archive;.audit;.cortex;.filesystem;.history;.ids;.legacy_import;.models;.recall;.review;.tool_api;.validation;__future__;argparse;json;pathlib;sys;typing,,QUARANTINE,LOW,pre-modular root source retained pending M1 extraction
reference/python/nollm/cluster_pressure.py,py,reference/python/nollm,LEGACY,,HISTORICAL,development_or_reference,historical or mixed runtime state,candidate,__future__;dataclasses;nollm.dream_placement;nollm.geometry;typing,,QUARANTINE,LOW,pre-modular root source retained pending M1 extraction
reference/python/nollm/companion_memory_matching.py,py,reference/python/nollm,LEGACY,,HISTORICAL,development_or_reference,historical or mixed runtime state,candidate,__future__;re;typing;unicodedata,,QUARANTINE,LOW,pre-modular root source retained pending M1 extraction
reference/python/nollm/companion_memory_store.py,py,reference/python/nollm,LEGACY,,HISTORICAL,development_or_reference,historical or mixed runtime state,candidate,__future__;contextlib;dataclasses;datetime;hashlib;json;nollm.companion_memory_matching;os;pathlib;re;sys;time;typing,,QUARANTINE,LOW,pre-modular root source retained pending M1 extraction
reference/python/nollm/contracts/MT1_R13_CONTRACT.md,md,reference/python/nollm/contracts,LEGACY,,HISTORICAL,development_or_reference,historical or mixed runtime state,none,,,QUARANTINE,LOW,pre-modular root source retained pending M1 extraction
reference/python/nollm/cortex.py,py,reference/python/nollm,LEGACY,,HISTORICAL,development_or_reference,historical or mixed runtime state,candidate,.filesystem;__future__;pathlib;typing,,QUARANTINE,LOW,pre-modular root source retained pending M1 extraction
reference/python/nollm/coverage.py,py,reference/python/nollm,LEGACY,,HISTORICAL,development_or_reference,historical or mixed runtime state,candidate,.archive;.archive_manifest;.native_field;.source_spans;__future__;json;pathlib;typing,,QUARANTINE,LOW,pre-modular root source retained pending M1 extraction
reference/python/nollm/dream_checks_manifest.py,py,reference/python/nollm,LEGACY,,HISTORICAL,development_or_reference,historical or mixed runtime state,candidate,__future__;json;pathlib;typing,,QUARANTINE,LOW,pre-modular root source retained pending M1 extraction
reference/python/nollm/dream_corpus_dry_run.py,py,reference/python/nollm,LEGACY,,HISTORICAL,development_or_reference,historical or mixed runtime state,candidate,__future__;json;nollm.cluster_pressure;nollm.dream_placement;nollm.dream_shard;nollm.geometry;nollm.parameter_experiments;nollm.scale_scan_traversal;pathlib;typing,,QUARANTINE,LOW,pre-modular root source retained pending M1 extraction
reference/python/nollm/dream_cortex_recall.py,py,reference/python/nollm,LEGACY,,HISTORICAL,development_or_reference,historical or mixed runtime state,candidate,__future__;dataclasses;datetime;hashlib;json;nollm.geometry;nollm.geometry_profiles;nollm.gravity;pathlib;re;typing,,QUARANTINE,LOW,pre-modular root source retained pending M1 extraction
reference/python/nollm/dream_experiment_batch.py,py,reference/python/nollm,LEGACY,,HISTORICAL,development_or_reference,historical or mixed runtime state,candidate,__future__;json;nollm.dream_pipeline;pathlib;typing,,QUARANTINE,LOW,pre-modular root source retained pending M1 extraction
reference/python/nollm/dream_geometry/__init__.py,py,reference/python/nollm/dream_geometry,LEGACY,,HISTORICAL,development_or_reference,historical domain state,candidate,,,QUARANTINE,LOW,pre-M0 V2 domain implementation retained for migration
reference/python/nollm/dream_geometry/adapters/__init__.py,py,reference/python/nollm/dream_geometry/adapters,LEGACY,,HISTORICAL,development_or_reference,historical domain state,candidate,.errors;.integration_shell;.types,,QUARANTINE,LOW,pre-M0 V2 domain implementation retained for migration
reference/python/nollm/dream_geometry/adapters/errors.py,py,reference/python/nollm/dream_geometry/adapters,LEGACY,,HISTORICAL,development_or_reference,historical domain state,candidate,__future__;enum,,QUARANTINE,LOW,pre-M0 V2 domain implementation retained for migration
reference/python/nollm/dream_geometry/adapters/integration_shell.py,py,reference/python/nollm/dream_geometry/adapters,LEGACY,,HISTORICAL,development_or_reference,historical domain state,candidate,.errors;.public_recall_view;.types;__future__;nollm.dream_geometry;nollm.dream_geometry.cortex;nollm.dream_geometry.evidence;nollm.dream_geometry.recall;typing,,QUARANTINE,LOW,pre-M0 V2 domain implementation retained for migration
reference/python/nollm/dream_geometry/adapters/public_recall_view.py,py,reference/python/nollm/dream_geometry/adapters,LEGACY,,HISTORICAL,development_or_reference,historical domain state,candidate,.errors;__future__;nollm.dream_geometry.evidence;nollm.dream_geometry.recall;typing,,QUARANTINE,LOW,pre-M0 V2 domain implementation retained for migration
reference/python/nollm/dream_geometry/adapters/snapshot_compaction/__init__.py,py,reference/python/nollm/dream_geometry/adapters/snapshot_compaction,LEGACY,,HISTORICAL,development_or_reference,historical domain state,candidate,.adapter;.errors;.types,,QUARANTINE,LOW,pre-M0 V2 domain implementation retained for migration
reference/python/nollm/dream_geometry/adapters/snapshot_compaction/adapter.py,py,reference/python/nollm/dream_geometry/adapters/snapshot_compaction,LEGACY,,HISTORICAL,development_or_reference,historical domain state,candidate,.errors;.fingerprint;.types;.validation;__future__;dataclasses;nollm.dream_geometry.assembly.types;nollm.dream_geometry.compression;nollm.dream_geometry.compression.view,,QUARANTINE,LOW,pre-M0 V2 domain implementation retained for migration
reference/python/nollm/dream_geometry/adapters/snapshot_compaction/errors.py,py,reference/python/nollm/dream_geometry/adapters/snapshot_compaction,LEGACY,,HISTORICAL,development_or_reference,historical domain state,candidate,__future__,,QUARANTINE,LOW,pre-M0 V2 domain implementation retained for migration
reference/python/nollm/dream_geometry/adapters/snapshot_compaction/fingerprint.py,py,reference/python/nollm/dream_geometry/adapters/snapshot_compaction,LEGACY,,HISTORICAL,development_or_reference,historical domain state,candidate,.types;__future__;hashlib;json;math,,QUARANTINE,LOW,pre-M0 V2 domain implementation retained for migration
reference/python/nollm/dream_geometry/adapters/snapshot_compaction/types.py,py,reference/python/nollm/dream_geometry/adapters/snapshot_compaction,LEGACY,,HISTORICAL,development_or_reference,historical domain state,candidate,.errors;__future__;dataclasses;nollm.dream_geometry.compression,,QUARANTINE,LOW,pre-M0 V2 domain implementation retained for migration
reference/python/nollm/dream_geometry/adapters/snapshot_compaction/validation.py,py,reference/python/nollm/dream_geometry/adapters/snapshot_compaction,LEGACY,,HISTORICAL,development_or_reference,historical domain state,candidate,.errors;.types;__future__;nollm.dream_geometry.assembly.types;nollm.dream_geometry.compression;typing,,QUARANTINE,LOW,pre-M0 V2 domain implementation retained for migration
reference/python/nollm/dream_geometry/adapters/types.py,py,reference/python/nollm/dream_geometry/adapters,LEGACY,,HISTORICAL,development_or_reference,historical domain state,candidate,.errors;__future__;dataclasses;nollm.dream_geometry.cortex;nollm.dream_geometry.evidence;nollm.dream_geometry.recall;typing,,QUARANTINE,LOW,pre-M0 V2 domain implementation retained for migration
reference/python/nollm/dream_geometry/admission/__init__.py,py,reference/python/nollm/dream_geometry/admission,LEGACY,,HISTORICAL,development_or_reference,historical domain state,candidate,.errors;.orchestrator;.store;.types,,QUARANTINE,LOW,pre-M0 V2 domain implementation retained for migration
reference/python/nollm/dream_geometry/admission/errors.py,py,reference/python/nollm/dream_geometry/admission,LEGACY,,HISTORICAL,development_or_reference,historical domain state,candidate,__future__;dataclasses,,QUARANTINE,LOW,pre-M0 V2 domain implementation retained for migration
reference/python/nollm/dream_geometry/admission/orchestrator.py,py,reference/python/nollm/dream_geometry/admission,LEGACY,,HISTORICAL,development_or_reference,historical domain state,candidate,.errors;.store;.types;__future__;dataclasses;hashlib;nollm.dream_geometry.cortex;nollm.dream_geometry.evidence;nollm.dream_geometry.field;nollm.dream_geometry.field.types;nollm.dream_geometry.geometry;nollm.dream_geometry.protocol.contracts;typing,,QUARANTINE,LOW,pre-M0 V2 domain implementation retained for migration
reference/python/nollm/dream_geometry/admission/store.py,py,reference/python/nollm/dream_geometry/admission,LEGACY,,HISTORICAL,development_or_reference,historical domain state,candidate,.errors;.types;__future__;dataclasses;hashlib;json;nollm.dream_geometry.cortex;nollm.dream_geometry.evidence;pathlib;typing,,QUARANTINE,LOW,pre-M0 V2 domain implementation retained for migration
reference/python/nollm/dream_geometry/admission/types.py,py,reference/python/nollm/dream_geometry/admission,LEGACY,,HISTORICAL,development_or_reference,historical domain state,candidate,__future__;dataclasses;datetime;enum;hashlib;json;nollm.dream_geometry.cortex;nollm.dream_geometry.evidence;nollm.dream_geometry.field;nollm.dream_geometry.field.types;nollm.dream_geometry.geometry;nollm.dream_geometry.geometry.types;nollm.dream_geometry.protocol.contracts;re;typing,,QUARANTINE,LOW,pre-M0 V2 domain implementation retained for migration
reference/python/nollm/dream_geometry/assembly/__init__.py,py,reference/python/nollm/dream_geometry/assembly,LEGACY,,HISTORICAL,development_or_reference,historical domain state,candidate,.builder;.errors;.types,,QUARANTINE,LOW,pre-M0 V2 domain implementation retained for migration
reference/python/nollm/dream_geometry/assembly/builder.py,py,reference/python/nollm/dream_geometry/assembly,LEGACY,,HISTORICAL,development_or_reference,historical domain state,candidate,.errors;.types;__future__;dataclasses;nollm.dream_geometry.admission.errors;nollm.dream_geometry.admission.orchestrator;nollm.dream_geometry.cortex;nollm.dream_geometry.field;nollm.dream_geometry.field.types;nollm.dream_geometry.geometry;nollm.dream_geometry.recall;nollm.dream_geometry.recall.projection;nollm.dream_geometry.recall.types,,QUARANTINE,LOW,pre-M0 V2 domain implementation retained for migration
reference/python/nollm/dream_geometry/assembly/errors.py,py,reference/python/nollm/dream_geometry/assembly,LEGACY,,HISTORICAL,development_or_reference,historical domain state,candidate,__future__;dataclasses,,QUARANTINE,LOW,pre-M0 V2 domain implementation retained for migration
reference/python/nollm/dream_geometry/assembly/types.py,py,reference/python/nollm/dream_geometry/assembly,LEGACY,,HISTORICAL,development_or_reference,historical domain state,candidate,__future__;dataclasses;hashlib;json;nollm.dream_geometry.admission;nollm.dream_geometry.admission.types;nollm.dream_geometry.cortex;nollm.dream_geometry.evidence;nollm.dream_geometry.field;nollm.dream_geometry.geometry.coverage;nollm.dream_geometry.recall;typing,,QUARANTINE,LOW,pre-M0 V2 domain implementation retained for migration
reference/python/nollm/dream_geometry/batch_admission/__init__.py,py,reference/python/nollm/dream_geometry/batch_admission,LEGACY,,HISTORICAL,development_or_reference,historical domain state,candidate,.coordinator;.errors;.types,,QUARANTINE,LOW,pre-M0 V2 domain implementation retained for migration
reference/python/nollm/dream_geometry/batch_admission/coordinator.py,py,reference/python/nollm/dream_geometry/batch_admission,LEGACY,,HISTORICAL,development_or_reference,historical domain state,candidate,.errors;.types;__future__;dataclasses;nollm.dream_geometry.admission;nollm.dream_geometry.capture;nollm.dream_geometry.evidence,,QUARANTINE,LOW,pre-M0 V2 domain implementation retained for migration
reference/python/nollm/dream_geometry/batch_admission/errors.py,py,reference/python/nollm/dream_geometry/batch_admission,LEGACY,,HISTORICAL,development_or_reference,historical domain state,candidate,__future__;dataclasses,,QUARANTINE,LOW,pre-M0 V2 domain implementation retained for migration
reference/python/nollm/dream_geometry/batch_admission/types.py,py,reference/python/nollm/dream_geometry/batch_admission,LEGACY,,HISTORICAL,development_or_reference,historical domain state,candidate,__future__;dataclasses;datetime;enum;hashlib;json;nollm.dream_geometry.admission;re;typing,,QUARANTINE,LOW,pre-M0 V2 domain implementation retained for migration
reference/python/nollm/dream_geometry/capture/__init__.py,py,reference/python/nollm/dream_geometry/capture,LEGACY,,HISTORICAL,development_or_reference,historical domain state,candidate,.errors;.ingress;.policy;.state_store;.types;.visibility,,QUARANTINE,LOW,pre-M0 V2 domain implementation retained for migration
reference/python/nollm/dream_geometry/capture/errors.py,py,reference/python/nollm/dream_geometry/capture,LEGACY,,HISTORICAL,development_or_reference,historical domain state,candidate,__future__,,QUARANTINE,LOW,pre-M0 V2 domain implementation retained for migration
reference/python/nollm/dream_geometry/capture/ingress.py,py,reference/python/nollm/dream_geometry/capture,LEGACY,,HISTORICAL,development_or_reference,historical domain state,candidate,.errors;.policy;.state_store;.types;__future__;hashlib;nollm.dream_geometry.evidence;nollm.dream_geometry.protocol.contracts;pathlib,,QUARANTINE,LOW,pre-M0 V2 domain implementation retained for migration
reference/python/nollm/dream_geometry/capture/policy.py,py,reference/python/nollm/dream_geometry/capture,LEGACY,,HISTORICAL,development_or_reference,historical domain state,candidate,.errors;.types;__future__;datetime;hashlib;json;nollm.dream_geometry.protocol.contracts;re;typing,,QUARANTINE,LOW,pre-M0 V2 domain implementation retained for migration
reference/python/nollm/dream_geometry/capture/state_store.py,py,reference/python/nollm/dream_geometry/capture,LEGACY,,HISTORICAL,development_or_reference,historical domain state,candidate,.errors;.policy;.types;__future__;dataclasses;hashlib;json;pathlib;typing,,QUARANTINE,LOW,pre-M0 V2 domain implementation retained for migration
reference/python/nollm/dream_geometry/capture/types.py,py,reference/python/nollm/dream_geometry/capture,LEGACY,,HISTORICAL,development_or_reference,historical domain state,candidate,__future__;dataclasses;enum;nollm.dream_geometry.protocol.contracts;typing,,QUARANTINE,LOW,pre-M0 V2 domain implementation retained for migration
reference/python/nollm/dream_geometry/capture/visibility.py,py,reference/python/nollm/dream_geometry/capture,LEGACY,,HISTORICAL,development_or_reference,historical domain state,candidate,.errors;.state_store;.types;__future__;nollm.dream_geometry.evidence,,QUARANTINE,LOW,pre-M0 V2 domain implementation retained for migration
reference/python/nollm/dream_geometry/compression/__init__.py,py,reference/python/nollm/dream_geometry/compression,LEGACY,,HISTORICAL,development_or_reference,historical domain state,candidate,.errors;.planner;.types;.validation;.view,,QUARANTINE,LOW,pre-M0 V2 domain implementation retained for migration
reference/python/nollm/dream_geometry/compression/errors.py,py,reference/python/nollm/dream_geometry/compression,LEGACY,,HISTORICAL,development_or_reference,historical domain state,candidate,__future__,,QUARANTINE,LOW,pre-M0 V2 domain implementation retained for migration
reference/python/nollm/dream_geometry/compression/fingerprint.py,py,reference/python/nollm/dream_geometry/compression,LEGACY,,HISTORICAL,development_or_reference,historical domain state,candidate,.types;__future__;hashlib;nollm.dream_geometry.field.types,,QUARANTINE,LOW,pre-M0 V2 domain implementation retained for migration
reference/python/nollm/dream_geometry/compression/planner.py,py,reference/python/nollm/dream_geometry/compression,LEGACY,,HISTORICAL,development_or_reference,historical domain state,candidate,.errors;.fingerprint;.types;.validation;__future__;dataclasses;nollm.dream_geometry.field.compaction;nollm.dream_geometry.field.types,,QUARANTINE,LOW,pre-M0 V2 domain implementation retained for migration
reference/python/nollm/dream_geometry/compression/types.py,py,reference/python/nollm/dream_geometry/compression,LEGACY,,HISTORICAL,development_or_reference,historical domain state,candidate,.errors;__future__;dataclasses;nollm.dream_geometry.field.types,,QUARANTINE,LOW,pre-M0 V2 domain implementation retained for migration
reference/python/nollm/dream_geometry/compression/validation.py,py,reference/python/nollm/dream_geometry/compression,LEGACY,,HISTORICAL,development_or_reference,historical domain state,candidate,.errors;.fingerprint;.types;__future__;nollm.dream_geometry.field.types,,QUARANTINE,LOW,pre-M0 V2 domain implementation retained for migration
reference/python/nollm/dream_geometry/compression/view.py,py,reference/python/nollm/dream_geometry/compression,LEGACY,,HISTORICAL,development_or_reference,historical domain state,candidate,.errors;.fingerprint;.types;.validation;__future__;collections.abc;nollm.dream_geometry.field.compaction;nollm.dream_geometry.field.types,,QUARANTINE,LOW,pre-M0 V2 domain implementation retained for migration
reference/python/nollm/dream_geometry/cortex/__init__.py,py,reference/python/nollm/dream_geometry/cortex,LEGACY,,HISTORICAL,development_or_reference,historical domain state,candidate,.compiler;.errors;.store;.types,,QUARANTINE,LOW,pre-M0 V2 domain implementation retained for migration
reference/python/nollm/dream_geometry/cortex/compiler.py,py,reference/python/nollm/dream_geometry/cortex,LEGACY,,HISTORICAL,development_or_reference,historical domain state,candidate,.errors;.types;__future__;datetime;nollm.dream_geometry.evidence;nollm.dream_geometry.protocol.contracts;typing,,QUARANTINE,LOW,pre-M0 V2 domain implementation retained for migration
reference/python/nollm/dream_geometry/cortex/errors.py,py,reference/python/nollm/dream_geometry/cortex,LEGACY,,HISTORICAL,development_or_reference,historical domain state,candidate,__future__;dataclasses,,QUARANTINE,LOW,pre-M0 V2 domain implementation retained for migration
reference/python/nollm/dream_geometry/cortex/store.py,py,reference/python/nollm/dream_geometry/cortex,LEGACY,,HISTORICAL,development_or_reference,historical domain state,candidate,.compiler;.errors;.types;__future__;dataclasses;hashlib;json;nollm.dream_geometry.evidence;pathlib;typing,,QUARANTINE,LOW,pre-M0 V2 domain implementation retained for migration
reference/python/nollm/dream_geometry/cortex/types.py,py,reference/python/nollm/dream_geometry/cortex,LEGACY,,HISTORICAL,development_or_reference,historical domain state,candidate,__future__;dataclasses;enum;hashlib;json;nollm.dream_geometry.protocol.contracts;typing,,QUARANTINE,LOW,pre-M0 V2 domain implementation retained for migration
reference/python/nollm/dream_geometry/evidence/__init__.py,py,reference/python/nollm/dream_geometry/evidence,LEGACY,,HISTORICAL,development_or_reference,historical domain state,candidate,.store;.types,,QUARANTINE,LOW,pre-M0 V2 domain implementation retained for migration
reference/python/nollm/dream_geometry/evidence/store.py,py,reference/python/nollm/dream_geometry/evidence,LEGACY,,HISTORICAL,development_or_reference,historical domain state,candidate,.types;__future__;dataclasses;hashlib;json;nollm.dream_geometry.protocol.contracts;pathlib,,QUARANTINE,LOW,pre-M0 V2 domain implementation retained for migration
reference/python/nollm/dream_geometry/evidence/types.py,py,reference/python/nollm/dream_geometry/evidence,LEGACY,,HISTORICAL,development_or_reference,historical domain state,candidate,__future__;dataclasses;datetime;hashlib;json;nollm.dream_geometry.protocol.contracts;typing,,QUARANTINE,LOW,pre-M0 V2 domain implementation retained for migration
reference/python/nollm/dream_geometry/field/__init__.py,py,reference/python/nollm/dream_geometry/field,LEGACY,,HISTORICAL,development_or_reference,historical domain state,candidate,.compaction;.cover;.gravity;.trace;.types,,QUARANTINE,LOW,pre-M0 V2 domain implementation retained for migration
reference/python/nollm/dream_geometry/field/compaction.py,py,reference/python/nollm/dream_geometry/field,LEGACY,,HISTORICAL,development_or_reference,historical domain state,candidate,.types,,QUARANTINE,LOW,pre-M0 V2 domain implementation retained for migration
reference/python/nollm/dream_geometry/field/cover.py,py,reference/python/nollm/dream_geometry/field,LEGACY,,HISTORICAL,development_or_reference,historical domain state,candidate,.types;dataclasses;math;nollm.dream_geometry.protocol.contracts,,QUARANTINE,LOW,pre-M0 V2 domain implementation retained for migration
reference/python/nollm/dream_geometry/field/gravity.py,py,reference/python/nollm/dream_geometry/field,LEGACY,,HISTORICAL,development_or_reference,historical domain state,candidate,.types;math;nollm.dream_geometry.geometry.hexgrid;nollm.dream_geometry.protocol.contracts,,QUARANTINE,LOW,pre-M0 V2 domain implementation retained for migration
reference/python/nollm/dream_geometry/field/trace.py,py,reference/python/nollm/dream_geometry/field,LEGACY,,HISTORICAL,development_or_reference,historical domain state,candidate,.types;math;nollm.dream_geometry.geometry.coverage;nollm.dream_geometry.geometry.types;nollm.dream_geometry.protocol.contracts,,QUARANTINE,LOW,pre-M0 V2 domain implementation retained for migration
reference/python/nollm/dream_geometry/field/types.py,py,reference/python/nollm/dream_geometry/field,LEGACY,,HISTORICAL,development_or_reference,historical domain state,candidate,__future__;dataclasses;hashlib;json;math;nollm.dream_geometry.geometry.types;nollm.dream_geometry.protocol.contracts;typing,,QUARANTINE,LOW,pre-M0 V2 domain implementation retained for migration
reference/python/nollm/dream_geometry/geometry/__init__.py,py,reference/python/nollm/dream_geometry/geometry,LEGACY,,HISTORICAL,development_or_reference,historical domain state,candidate,.chart;.coverage;.hexgrid;.types,,QUARANTINE,LOW,pre-M0 V2 domain implementation retained for migration
reference/python/nollm/dream_geometry/geometry/chart.py,py,reference/python/nollm/dream_geometry/geometry,LEGACY,,HISTORICAL,development_or_reference,historical domain state,candidate,.types;math,,QUARANTINE,LOW,pre-M0 V2 domain implementation retained for migration
reference/python/nollm/dream_geometry/geometry/coverage.py,py,reference/python/nollm/dream_geometry/geometry,LEGACY,,HISTORICAL,development_or_reference,historical domain state,candidate,.polygon;.types;dataclasses;enum;nollm.dream_geometry.protocol.contracts,,QUARANTINE,LOW,pre-M0 V2 domain implementation retained for migration
reference/python/nollm/dream_geometry/geometry/hexgrid.py,py,reference/python/nollm/dream_geometry/geometry,LEGACY,,HISTORICAL,development_or_reference,historical domain state,candidate,.types;math,,QUARANTINE,LOW,pre-M0 V2 domain implementation retained for migration
reference/python/nollm/dream_geometry/geometry/metrics.py,py,reference/python/nollm/dream_geometry/geometry,LEGACY,,HISTORICAL,development_or_reference,historical domain state,candidate,.coverage;.types;dataclasses;math,,QUARANTINE,LOW,pre-M0 V2 domain implementation retained for migration
reference/python/nollm/dream_geometry/geometry/polygon.py,py,reference/python/nollm/dream_geometry/geometry,LEGACY,,HISTORICAL,development_or_reference,historical domain state,candidate,.types,,QUARANTINE,LOW,pre-M0 V2 domain implementation retained for migration
reference/python/nollm/dream_geometry/geometry/schedules.py,py,reference/python/nollm/dream_geometry/geometry,LEGACY,,HISTORICAL,development_or_reference,historical domain state,candidate,.types;dataclasses;math,,QUARANTINE,LOW,pre-M0 V2 domain implementation retained for migration
reference/python/nollm/dream_geometry/geometry/transform.py,py,reference/python/nollm/dream_geometry/geometry,LEGACY,,HISTORICAL,development_or_reference,historical domain state,candidate,.types;dataclasses;math,,QUARANTINE,LOW,pre-M0 V2 domain implementation retained for migration
reference/python/nollm/dream_geometry/geometry/types.py,py,reference/python/nollm/dream_geometry/geometry,LEGACY,,HISTORICAL,development_or_reference,historical domain state,candidate,dataclasses;math;types;typing,,QUARANTINE,LOW,pre-M0 V2 domain implementation retained for migration
reference/python/nollm/dream_geometry/host_admission_gateway/__init__.py,py,reference/python/nollm/dream_geometry/host_admission_gateway,LEGACY,,HISTORICAL,development_or_reference,historical domain state,candidate,.gateway;.serialization,,QUARANTINE,LOW,pre-M0 V2 domain implementation retained for migration
reference/python/nollm/dream_geometry/host_admission_gateway/decode.py,py,reference/python/nollm/dream_geometry/host_admission_gateway,LEGACY,,HISTORICAL,development_or_reference,historical domain state,candidate,.errors;.types;__future__;datetime;json;nollm.dream_geometry.admission;nollm.dream_geometry.batch_admission;re;typing,,QUARANTINE,LOW,pre-M0 V2 domain implementation retained for migration
reference/python/nollm/dream_geometry/host_admission_gateway/errors.py,py,reference/python/nollm/dream_geometry/host_admission_gateway,LEGACY,,HISTORICAL,development_or_reference,historical domain state,candidate,__future__,,QUARANTINE,LOW,pre-M0 V2 domain implementation retained for migration
reference/python/nollm/dream_geometry/host_admission_gateway/gateway.py,py,reference/python/nollm/dream_geometry/host_admission_gateway,LEGACY,,HISTORICAL,development_or_reference,historical domain state,candidate,.decode;.errors;.serialization;.types;__future__;hashlib;json;nollm.dream_geometry.admission;nollm.dream_geometry.batch_admission;nollm.dream_geometry.capture;nollm.dream_geometry.evidence;nollm.dream_geometry.host_execution;pathlib;typing,,QUARANTINE,LOW,pre-M0 V2 domain implementation retained for migration
reference/python/nollm/dream_geometry/host_admission_gateway/serialization.py,py,reference/python/nollm/dream_geometry/host_admission_gateway,LEGACY,,HISTORICAL,development_or_reference,historical domain state,candidate,__future__;hashlib;json;typing,,QUARANTINE,LOW,pre-M0 V2 domain implementation retained for migration
reference/python/nollm/dream_geometry/host_admission_gateway/types.py,py,reference/python/nollm/dream_geometry/host_admission_gateway,LEGACY,,HISTORICAL,development_or_reference,historical domain state,candidate,__future__;dataclasses;typing,,QUARANTINE,LOW,pre-M0 V2 domain implementation retained for migration
reference/python/nollm/dream_geometry/host_capture_gateway/__init__.py,py,reference/python/nollm/dream_geometry/host_capture_gateway,LEGACY,,HISTORICAL,development_or_reference,historical domain state,candidate,.gateway,,QUARANTINE,LOW,pre-M0 V2 domain implementation retained for migration
reference/python/nollm/dream_geometry/host_capture_gateway/decode.py,py,reference/python/nollm/dream_geometry/host_capture_gateway,LEGACY,,HISTORICAL,development_or_reference,historical domain state,candidate,.errors;.types;__future__;json;nollm.dream_geometry.capture;nollm.dream_geometry.protocol.contracts;typing,,QUARANTINE,LOW,pre-M0 V2 domain implementation retained for migration
reference/python/nollm/dream_geometry/host_capture_gateway/errors.py,py,reference/python/nollm/dream_geometry/host_capture_gateway,LEGACY,,HISTORICAL,development_or_reference,historical domain state,candidate,__future__,,QUARANTINE,LOW,pre-M0 V2 domain implementation retained for migration
reference/python/nollm/dream_geometry/host_capture_gateway/gateway.py,py,reference/python/nollm/dream_geometry/host_capture_gateway,LEGACY,,HISTORICAL,development_or_reference,historical domain state,candidate,.decode;.errors;.serialization;__future__;hashlib;json;nollm.dream_geometry.capture;nollm.dream_geometry.capture.errors;nollm.dream_geometry.capture.policy;nollm.dream_geometry.evidence;nollm.dream_geometry.host_execution;nollm.dream_geometry.host_execution.errors;nollm.dream_geometry.validation.cx2.types;pathlib;shutil;typing,,QUARANTINE,LOW,pre-M0 V2 domain implementation retained for migration
reference/python/nollm/dream_geometry/host_capture_gateway/serialization.py,py,reference/python/nollm/dream_geometry/host_capture_gateway,LEGACY,,HISTORICAL,development_or_reference,historical domain state,candidate,__future__;json;typing,,QUARANTINE,LOW,pre-M0 V2 domain implementation retained for migration
reference/python/nollm/dream_geometry/host_capture_gateway/types.py,py,reference/python/nollm/dream_geometry/host_capture_gateway,LEGACY,,HISTORICAL,development_or_reference,historical domain state,candidate,__future__;dataclasses;nollm.dream_geometry.capture;pathlib,,QUARANTINE,LOW,pre-M0 V2 domain implementation retained for migration
reference/python/nollm/dream_geometry/host_execution/__init__.py,py,reference/python/nollm/dream_geometry/host_execution,LEGACY,,HISTORICAL,development_or_reference,historical domain state,candidate,.bindings;.bridge;.errors;.serialization;.types,,QUARANTINE,LOW,pre-M0 V2 domain implementation retained for migration
reference/python/nollm/dream_geometry/host_execution/bindings.py,py,reference/python/nollm/dream_geometry/host_execution,LEGACY,,HISTORICAL,development_or_reference,historical domain state,candidate,.errors;.types;__future__;collections.abc;nollm.dream_geometry.adapters;nollm.dream_geometry.admission;nollm.dream_geometry.batch_admission;nollm.dream_geometry.capture;nollm.dream_geometry.cortex;nollm.dream_geometry.evidence;nollm.dream_geometry.protocol.contracts;nollm.dream_geometry.validation.cx2;nollm.dream_geometry.validation.cx2.types;pathlib;typing,,QUARANTINE,LOW,pre-M0 V2 domain implementation retained for migration
reference/python/nollm/dream_geometry/host_execution/bridge.py,py,reference/python/nollm/dream_geometry/host_execution,LEGACY,,HISTORICAL,development_or_reference,historical domain state,candidate,.bindings;.errors;.serialization;.types;__future__;dataclasses;hashlib;json;nollm.dream_geometry.adapters;nollm.dream_geometry.adapters.snapshot_compaction;nollm.dream_geometry.admission;nollm.dream_geometry.assembly;nollm.dream_geometry.batch_admission;nollm.dream_geometry.capture;nollm.dream_geometry.cortex;nollm.dream_geometry.evidence;nollm.dream_geometry.recall;pathlib;typing,,QUARANTINE,LOW,pre-M0 V2 domain implementation retained for migration
reference/python/nollm/dream_geometry/host_execution/errors.py,py,reference/python/nollm/dream_geometry/host_execution,LEGACY,,HISTORICAL,development_or_reference,historical domain state,candidate,__future__,,QUARANTINE,LOW,pre-M0 V2 domain implementation retained for migration
reference/python/nollm/dream_geometry/host_execution/serialization.py,py,reference/python/nollm/dream_geometry/host_execution,LEGACY,,HISTORICAL,development_or_reference,historical domain state,candidate,__future__;dataclasses;enum;hashlib;json;nollm.dream_geometry.admission;nollm.dream_geometry.capture.policy;nollm.dream_geometry.cortex;nollm.dream_geometry.evidence;pathlib;typing,,QUARANTINE,LOW,pre-M0 V2 domain implementation retained for migration
reference/python/nollm/dream_geometry/host_execution/types.py,py,reference/python/nollm/dream_geometry/host_execution,LEGACY,,HISTORICAL,development_or_reference,historical domain state,candidate,__future__;dataclasses;nollm.dream_geometry.admission;nollm.dream_geometry.batch_admission;nollm.dream_geometry.capture;pathlib;typing,,QUARANTINE,LOW,pre-M0 V2 domain implementation retained for migration
reference/python/nollm/dream_geometry/protocol/__init__.py,py,reference/python/nollm/dream_geometry/protocol,LEGACY,,HISTORICAL,development_or_reference,historical domain state,candidate,.contracts;.dependency_rules,,QUARANTINE,LOW,pre-M0 V2 domain implementation retained for migration
reference/python/nollm/dream_geometry/protocol/contracts.py,py,reference/python/nollm/dream_geometry/protocol,LEGACY,,HISTORICAL,development_or_reference,historical domain state,candidate,dataclasses;enum,,QUARANTINE,LOW,pre-M0 V2 domain implementation retained for migration
reference/python/nollm/dream_geometry/protocol/dependency_rules.py,py,reference/python/nollm/dream_geometry/protocol,LEGACY,,HISTORICAL,development_or_reference,historical domain state,candidate,.contracts,,QUARANTINE,LOW,pre-M0 V2 domain implementation retained for migration
reference/python/nollm/dream_geometry/recall/__init__.py,py,reference/python/nollm/dream_geometry/recall,LEGACY,,HISTORICAL,development_or_reference,historical domain state,candidate,.resolver;.types;.universe,,QUARANTINE,LOW,pre-M0 V2 domain implementation retained for migration
reference/python/nollm/dream_geometry/recall/projection.py,py,reference/python/nollm/dream_geometry/recall,LEGACY,,HISTORICAL,development_or_reference,historical domain state,candidate,.types;__future__;nollm.dream_geometry.cortex.types;nollm.dream_geometry.field.types,,QUARANTINE,LOW,pre-M0 V2 domain implementation retained for migration
reference/python/nollm/dream_geometry/recall/qualification.py,py,reference/python/nollm/dream_geometry/recall,LEGACY,,HISTORICAL,development_or_reference,historical domain state,candidate,.types;__future__;nollm.dream_geometry.evidence;nollm.dream_geometry.protocol.contracts,,QUARANTINE,LOW,pre-M0 V2 domain implementation retained for migration
reference/python/nollm/dream_geometry/recall/resolver.py,py,reference/python/nollm/dream_geometry/recall,LEGACY,,HISTORICAL,development_or_reference,historical domain state,candidate,.projection;.qualification;.time_projection;.types;.universe;__future__;dataclasses;hashlib;nollm.dream_geometry.cortex.types;nollm.dream_geometry.evidence;nollm.dream_geometry.field.types;nollm.dream_geometry.geometry.coverage;nollm.dream_geometry.protocol.contracts,,QUARANTINE,LOW,pre-M0 V2 domain implementation retained for migration
reference/python/nollm/dream_geometry/recall/time_projection.py,py,reference/python/nollm/dream_geometry/recall,LEGACY,,HISTORICAL,development_or_reference,historical domain state,candidate,.projection;.types;__future__;nollm.dream_geometry.cortex.types,,QUARANTINE,LOW,pre-M0 V2 domain implementation retained for migration
reference/python/nollm/dream_geometry/recall/traversal.py,py,reference/python/nollm/dream_geometry/recall,LEGACY,,HISTORICAL,development_or_reference,historical domain state,candidate,.types;__future__;nollm.dream_geometry.field.types;nollm.dream_geometry.geometry.coverage,,QUARANTINE,LOW,pre-M0 V2 domain implementation retained for migration
reference/python/nollm/dream_geometry/recall/types.py,py,reference/python/nollm/dream_geometry/recall,LEGACY,,HISTORICAL,development_or_reference,historical domain state,candidate,__future__;dataclasses;enum;math;nollm.dream_geometry.cortex.types;nollm.dream_geometry.evidence;nollm.dream_geometry.field.types;nollm.dream_geometry.geometry.coverage;typing,,QUARANTINE,LOW,pre-M0 V2 domain implementation retained for migration
reference/python/nollm/dream_geometry/recall/universe.py,py,reference/python/nollm/dream_geometry/recall,LEGACY,,HISTORICAL,development_or_reference,historical domain state,candidate,.projection;.types;__future__;math;nollm.dream_geometry.cortex.types;nollm.dream_geometry.evidence;nollm.dream_geometry.field.types;nollm.dream_geometry.geometry.coverage;nollm.dream_geometry.protocol.contracts,,QUARANTINE,LOW,pre-M0 V2 domain implementation retained for migration
reference/python/nollm/dream_geometry/validation/__init__.py,py,reference/python/nollm/dream_geometry/validation,LEGACY,,HISTORICAL,development_or_reference,historical domain state,candidate,,,QUARANTINE,LOW,pre-M0 V2 domain implementation retained for migration
reference/python/nollm/dream_geometry/validation/cx2/__init__.py,py,reference/python/nollm/dream_geometry/validation/cx2,LEGACY,,HISTORICAL,development_or_reference,historical domain state,candidate,.fixtures;.types;.validator,,QUARANTINE,LOW,pre-M0 V2 domain implementation retained for migration
reference/python/nollm/dream_geometry/validation/cx2/fixtures.py,py,reference/python/nollm/dream_geometry/validation/cx2,LEGACY,,HISTORICAL,development_or_reference,historical domain state,candidate,.types;.validator;__future__;dataclasses,,QUARANTINE,LOW,pre-M0 V2 domain implementation retained for migration
reference/python/nollm/dream_geometry/validation/cx2/serialization.py,py,reference/python/nollm/dream_geometry/validation/cx2,LEGACY,,HISTORICAL,development_or_reference,historical domain state,candidate,__future__;dataclasses;enum;json,,QUARANTINE,LOW,pre-M0 V2 domain implementation retained for migration
reference/python/nollm/dream_geometry/validation/cx2/types.py,py,reference/python/nollm/dream_geometry/validation/cx2,LEGACY,,HISTORICAL,development_or_reference,historical domain state,candidate,__future__;dataclasses;enum;typing,,QUARANTINE,LOW,pre-M0 V2 domain implementation retained for migration
reference/python/nollm/dream_geometry/validation/cx2/validator.py,py,reference/python/nollm/dream_geometry/validation/cx2,LEGACY,,HISTORICAL,development_or_reference,historical domain state,candidate,.types;__future__;collections.abc;dataclasses;typing,,QUARANTINE,LOW,pre-M0 V2 domain implementation retained for migration
reference/python/nollm/dream_geometry/validation/da1_memory_admission_report.py,py,reference/python/nollm/dream_geometry/validation,LEGACY,,HISTORICAL,development_or_reference,historical domain state,candidate,__future__;argparse;nollm.dream_geometry.admission;nollm.dream_geometry.cortex;nollm.dream_geometry.evidence;nollm.dream_geometry.geometry;nollm.dream_geometry.protocol.contracts;pathlib;tempfile,,QUARANTINE,LOW,pre-M0 V2 domain implementation retained for migration
reference/python/nollm/dream_geometry/validation/dc1_cortex_report.py,py,reference/python/nollm/dream_geometry/validation,LEGACY,,HISTORICAL,development_or_reference,historical domain state,candidate,__future__;argparse;nollm.dream_geometry.cortex;nollm.dream_geometry.cortex.store;nollm.dream_geometry.evidence;nollm.dream_geometry.protocol.contracts;pathlib;platform;tempfile,,QUARANTINE,LOW,pre-M0 V2 domain implementation retained for migration
reference/python/nollm/dream_geometry/validation/de1_memory_substrate_report.py,py,reference/python/nollm/dream_geometry/validation,LEGACY,,HISTORICAL,development_or_reference,historical domain state,candidate,__future__;argparse;hashlib;json;nollm.dream_geometry.evidence;nollm.dream_geometry.evidence.store;nollm.dream_geometry.protocol.contracts;pathlib;platform;tempfile,,QUARANTINE,LOW,pre-M0 V2 domain implementation retained for migration
reference/python/nollm/dream_geometry/validation/dg1_baseline_report.py,py,reference/python/nollm/dream_geometry/validation,LEGACY,,HISTORICAL,development_or_reference,historical domain state,candidate,__future__;argparse;nollm.dream_geometry.geometry.chart;nollm.dream_geometry.geometry.coverage;nollm.dream_geometry.geometry.hexgrid;nollm.dream_geometry.geometry.metrics;nollm.dream_geometry.geometry.schedules;nollm.dream_geometry.geometry.types;pathlib;platform;sys,,QUARANTINE,LOW,pre-M0 V2 domain implementation retained for migration
reference/python/nollm/dream_geometry/validation/dg2_field_report.py,py,reference/python/nollm/dream_geometry/validation,LEGACY,,HISTORICAL,development_or_reference,historical domain state,candidate,__future__;argparse;dataclasses;nollm.dream_geometry.field;nollm.dream_geometry.field.types;nollm.dream_geometry.geometry.chart;nollm.dream_geometry.geometry.coverage;nollm.dream_geometry.geometry.hexgrid;nollm.dream_geometry.geometry.transform;nollm.dream_geometry.geometry.types;nollm.dream_geometry.protocol.contracts;pathlib;platform,,QUARANTINE,LOW,pre-M0 V2 domain implementation retained for migration
reference/python/nollm/dream_geometry/validation/dg7/__init__.py,py,reference/python/nollm/dream_geometry/validation/dg7,LEGACY,,HISTORICAL,development_or_reference,historical domain state,candidate,.runner;.scenario;.serialization;.types,,QUARANTINE,LOW,pre-M0 V2 domain implementation retained for migration
reference/python/nollm/dream_geometry/validation/dg7/runner.py,py,reference/python/nollm/dream_geometry/validation/dg7,LEGACY,,HISTORICAL,development_or_reference,historical domain state,candidate,.scenario;.serialization;.types;__future__;dataclasses;hashlib;json;nollm.dream_geometry.adapters;nollm.dream_geometry.adapters.snapshot_compaction;nollm.dream_geometry.admission;nollm.dream_geometry.assembly;nollm.dream_geometry.batch_admission;nollm.dream_geometry.capture;nollm.dream_geometry.cortex;nollm.dream_geometry.evidence;nollm.dream_geometry.recall;pathlib;typing,,QUARANTINE,LOW,pre-M0 V2 domain implementation retained for migration
reference/python/nollm/dream_geometry/validation/dg7/scenario.py,py,reference/python/nollm/dream_geometry/validation/dg7,LEGACY,,HISTORICAL,development_or_reference,historical domain state,candidate,__future__;dataclasses;nollm.dream_geometry.adapters;nollm.dream_geometry.admission;nollm.dream_geometry.batch_admission;nollm.dream_geometry.capture;nollm.dream_geometry.cortex;nollm.dream_geometry.evidence;nollm.dream_geometry.field;nollm.dream_geometry.geometry;nollm.dream_geometry.geometry.transform;nollm.dream_geometry.protocol.contracts;nollm.dream_geometry.recall;typing,,QUARANTINE,LOW,pre-M0 V2 domain implementation retained for migration
reference/python/nollm/dream_geometry/validation/dg7/serialization.py,py,reference/python/nollm/dream_geometry/validation/dg7,LEGACY,,HISTORICAL,development_or_reference,historical domain state,candidate,__future__;dataclasses;enum;json;typing,,QUARANTINE,LOW,pre-M0 V2 domain implementation retained for migration
reference/python/nollm/dream_geometry/validation/dg7/types.py,py,reference/python/nollm/dream_geometry/validation/dg7,LEGACY,,HISTORICAL,development_or_reference,historical domain state,candidate,__future__;dataclasses;typing,,QUARANTINE,LOW,pre-M0 V2 domain implementation retained for migration
reference/python/nollm/dream_geometry/validation/di1_integration_fixture.py,py,reference/python/nollm/dream_geometry/validation,LEGACY,,HISTORICAL,development_or_reference,historical domain state,candidate,__future__;dataclasses;nollm.dream_geometry.adapters;nollm.dream_geometry.protocol.contracts;nollm.dream_geometry.recall;nollm.dream_geometry.validation.dr1_fixture;pathlib,,QUARANTINE,LOW,pre-M0 V2 domain implementation retained for migration
reference/python/nollm/dream_geometry/validation/di1_integration_shell_report.py,py,reference/python/nollm/dream_geometry/validation,LEGACY,,HISTORICAL,development_or_reference,historical domain state,candidate,__future__;argparse;hashlib;json;nollm.dream_geometry.adapters;nollm.dream_geometry.validation.di1_integration_fixture;pathlib;platform;sys;tempfile,,QUARANTINE,LOW,pre-M0 V2 domain implementation retained for migration
reference/python/nollm/dream_geometry/validation/dr1_fixture.py,py,reference/python/nollm/dream_geometry/validation,LEGACY,,HISTORICAL,development_or_reference,historical domain state,candidate,__future__;dataclasses;nollm.dream_geometry.cortex.types;nollm.dream_geometry.evidence;nollm.dream_geometry.field.types;nollm.dream_geometry.geometry.chart;nollm.dream_geometry.geometry.coverage;nollm.dream_geometry.geometry.types;nollm.dream_geometry.protocol.contracts;nollm.dream_geometry.recall.projection;nollm.dream_geometry.recall.types,,QUARANTINE,LOW,pre-M0 V2 domain implementation retained for migration
reference/python/nollm/dream_geometry/validation/dr1_recall_report.py,py,reference/python/nollm/dream_geometry/validation,LEGACY,,HISTORICAL,development_or_reference,historical domain state,candidate,__future__;argparse;dataclasses;nollm.dream_geometry.cortex.types;nollm.dream_geometry.geometry.chart;nollm.dream_geometry.geometry.types;nollm.dream_geometry.protocol.contracts;nollm.dream_geometry.recall;nollm.dream_geometry.validation.dr1_fixture;pathlib;platform;tempfile,,QUARANTINE,LOW,pre-M0 V2 domain implementation retained for migration
reference/python/nollm/dream_geometry/validation/dx1_synthetic_cycle_fixture.py,py,reference/python/nollm/dream_geometry/validation,LEGACY,,HISTORICAL,development_or_reference,historical domain state,candidate,__future__;dataclasses;hashlib;json;math;nollm.dream_geometry.adapters;nollm.dream_geometry.cortex;nollm.dream_geometry.cortex.store;nollm.dream_geometry.evidence;nollm.dream_geometry.field;nollm.dream_geometry.field.types;nollm.dream_geometry.geometry.chart;nollm.dream_geometry.geometry.coverage;nollm.dream_geometry.geometry.transform;nollm.dream_geometry.geometry.types;nollm.dream_geometry.protocol.contracts;nollm.dream_geometry.recall;nollm.dream_geometry.recall.projection;nollm.dream_geometry.recall.types;pathlib;typing,,QUARANTINE,LOW,pre-M0 V2 domain implementation retained for migration
reference/python/nollm/dream_geometry/validation/dx1_synthetic_cycle_report.py,py,reference/python/nollm/dream_geometry/validation,LEGACY,,HISTORICAL,development_or_reference,historical domain state,candidate,__future__;argparse;hashlib;json;nollm.dream_geometry.adapters;nollm.dream_geometry.protocol.contracts;nollm.dream_geometry.recall;nollm.dream_geometry.recall.universe;nollm.dream_geometry.validation.dx1_synthetic_cycle_fixture;pathlib;platform;sys;tempfile,,QUARANTINE,LOW,pre-M0 V2 domain implementation retained for migration
reference/python/nollm/dream_golden_regression.py,py,reference/python/nollm,LEGACY,,HISTORICAL,development_or_reference,historical or mixed runtime state,candidate,__future__;json;nollm.dream_checks_manifest;nollm.dream_corpus_dry_run;nollm.dream_suite;nollm.local_gate;pathlib;typing,,QUARANTINE,LOW,pre-modular root source retained pending M1 extraction
reference/python/nollm/dream_pipeline.py,py,reference/python/nollm,LEGACY,,HISTORICAL,development_or_reference,historical or mixed runtime state,candidate,__future__;json;nollm.cluster_pressure;nollm.dream_placement;nollm.dream_shard;nollm.parameter_experiments;nollm.scale_scan_traversal;pathlib;typing,,QUARANTINE,LOW,pre-modular root source retained pending M1 extraction
reference/python/nollm/dream_placement.py,py,reference/python/nollm,LEGACY,,HISTORICAL,development_or_reference,historical or mixed runtime state,candidate,__future__;dataclasses;nollm.chart_gluing;nollm.geometry;typing,,QUARANTINE,LOW,pre-modular root source retained pending M1 extraction
reference/python/nollm/dream_regression.py,py,reference/python/nollm,LEGACY,,HISTORICAL,development_or_reference,historical or mixed runtime state,candidate,__future__;json;nollm.dream_experiment_batch;nollm.dream_pipeline;nollm.dream_placement;nollm.dream_shard;pathlib;typing,,QUARANTINE,LOW,pre-modular root source retained pending M1 extraction
reference/python/nollm/dream_shard.py,py,reference/python/nollm,LEGACY,,HISTORICAL,development_or_reference,historical or mixed runtime state,candidate,__future__;dataclasses;string;typing,,QUARANTINE,LOW,pre-modular root source retained pending M1 extraction
reference/python/nollm/dream_suite.py,py,reference/python/nollm,LEGACY,,HISTORICAL,development_or_reference,historical or mixed runtime state,candidate,__future__;json;nollm.dream_experiment_batch;nollm.dream_pipeline;nollm.dream_regression;pathlib;typing,,QUARANTINE,LOW,pre-modular root source retained pending M1 extraction
reference/python/nollm/dream_triage.py,py,reference/python/nollm,LEGACY,,HISTORICAL,development_or_reference,historical or mixed runtime state,candidate,__future__;json;pathlib;typing,,QUARANTINE,LOW,pre-modular root source retained pending M1 extraction
reference/python/nollm/engineering_rc_archive.py,py,reference/python/nollm,LEGACY,,HISTORICAL,development_or_reference,historical or mixed runtime state,candidate,__future__;hashlib;json;nollm.engineering_rc_export;pathlib;typing;zipfile,,QUARANTINE,LOW,pre-modular root source retained pending M1 extraction
reference/python/nollm/engineering_rc_export.py,py,reference/python/nollm,LEGACY,,HISTORICAL,development_or_reference,historical or mixed runtime state,candidate,__future__;hashlib;json;pathlib;re;typing,,QUARANTINE,LOW,pre-modular root source retained pending M1 extraction
reference/python/nollm/engineering_rc_final_smoke.py,py,reference/python/nollm,LEGACY,,HISTORICAL,development_or_reference,historical or mixed runtime state,candidate,__future__;dataclasses;json;nollm.pytest_env;os;pathlib;subprocess;sys;tempfile;time;typing,,QUARANTINE,LOW,pre-modular root source retained pending M1 extraction
reference/python/nollm/filesystem.py,py,reference/python/nollm,LEGACY,,HISTORICAL,development_or_reference,historical or mixed runtime state,candidate,.ids;.models;__future__;datetime;json;pathlib;typing,,QUARANTINE,LOW,pre-modular root source retained pending M1 extraction
reference/python/nollm/g_series_engineering_closure.py,py,reference/python/nollm,LEGACY,,HISTORICAL,development_or_reference,historical or mixed runtime state,candidate,__future__;json;nollm.geometry_profiles;nollm.gravity;nollm.minimal_ablation_experiment;nollm.mode3_trace_experiment;nollm.multi_step_coverage;nollm.offset_sampling;pathlib;typing,,QUARANTINE,LOW,pre-modular root source retained pending M1 extraction
reference/python/nollm/geometry.py,py,reference/python/nollm,LEGACY,,HISTORICAL,development_or_reference,historical or mixed runtime state,candidate,__future__;dataclasses;math;typing,,QUARANTINE,LOW,pre-modular root source retained pending M1 extraction
reference/python/nollm/geometry_profiles.py,py,reference/python/nollm,LEGACY,,HISTORICAL,development_or_reference,historical or mixed runtime state,candidate,__future__;dataclasses;math;nollm.geometry;typing,,QUARANTINE,LOW,pre-modular root source retained pending M1 extraction
reference/python/nollm/gravity.py,py,reference/python/nollm,LEGACY,,HISTORICAL,development_or_reference,historical or mixed runtime state,candidate,__future__;dataclasses;math;nollm.geometry;nollm.geometry_profiles;typing,,QUARANTINE,LOW,pre-modular root source retained pending M1 extraction
reference/python/nollm/grf/__init__.py,py,reference/python/nollm/grf,LEGACY,,MIGRATION_ASSET,development_or_reference,unknown or mixed,candidate,.admission;.admission_bridge;.axial;.bridge_kernel;.capture;.cell_address;.contract_evolution;.coverage_template;.eisenstein;.evidence;.evidence_island;.exporters;.facade;.field_engine;.fixed_point;.geometry_storage;.host_contract;.importers;.json_canonical;.kernel_registry;.ledger;.local_patch;.path_encoding;.placement;.placement_protocol;.profiles;.propagation;.recall;.recall_digest;.relation_field;.replay;.source_window;.stitching;.storage,,QUARANTINE,LOW,mixed GRF responsibility pending extraction
reference/python/nollm/grf/admission.py,py,reference/python/nollm/grf,ACCESS,,BLOCKED,production,access policy or source handles,candidate,.placement;__future__;dataclasses,,SPLIT,MEDIUM,product/source/placement responsibility currently mixed with GRF
reference/python/nollm/grf/admission_bridge.py,py,reference/python/nollm/grf,ACCESS,,BLOCKED,production,access policy or source handles,candidate,.admission;.cell_address;.evidence;.evidence_island;.local_patch;.placement;.source_window;.storage;__future__;dataclasses;hashlib;typing,,SPLIT,MEDIUM,product/source/placement responsibility currently mixed with GRF
reference/python/nollm/grf/axial.py,py,reference/python/nollm/grf,CORE,,ACTIVE,production,geometry current state,candidate,__future__;dataclasses,,MOVE,HIGH,pure geometry/current-state implementation
reference/python/nollm/grf/bridge_kernel.py,py,reference/python/nollm/grf,CORE,,ACTIVE,production,geometry current state,candidate,.fixed_point;__future__;dataclasses,,MOVE,HIGH,pure geometry/current-state implementation
reference/python/nollm/grf/capture.py,py,reference/python/nollm/grf,ACCESS,,BLOCKED,production,access policy or source handles,candidate,.evidence;.storage;__future__;dataclasses;hashlib,,SPLIT,MEDIUM,product/source/placement responsibility currently mixed with GRF
reference/python/nollm/grf/cell_address.py,py,reference/python/nollm/grf,CORE,,ACTIVE,production,geometry current state,candidate,.profiles;__future__;dataclasses,,MOVE,HIGH,pure geometry/current-state implementation
reference/python/nollm/grf/contract_evolution.py,py,reference/python/nollm/grf,LEGACY,,MIGRATION_ASSET,development_or_reference,unknown or mixed,candidate,.host_contract;__future__;copy;dataclasses;typing,,QUARANTINE,LOW,mixed GRF responsibility pending extraction
reference/python/nollm/grf/coverage_template.py,py,reference/python/nollm/grf,CORE,,ACTIVE,production,geometry current state,candidate,.axial;.cell_address;.fixed_point;.profiles;__future__;dataclasses,,MOVE,HIGH,pure geometry/current-state implementation
reference/python/nollm/grf/eisenstein.py,py,reference/python/nollm/grf,CORE,,ACTIVE,production,geometry current state,candidate,.axial;__future__;dataclasses,,MOVE,HIGH,pure geometry/current-state implementation
reference/python/nollm/grf/evidence.py,py,reference/python/nollm/grf,ACCESS,,BLOCKED,production,access policy or source handles,candidate,__future__;dataclasses;hashlib,,SPLIT,MEDIUM,product/source/placement responsibility currently mixed with GRF
reference/python/nollm/grf/evidence_island.py,py,reference/python/nollm/grf,LEGACY,,MIGRATION_ASSET,development_or_reference,unknown or mixed,candidate,__future__;dataclasses,,QUARANTINE,LOW,mixed GRF responsibility pending extraction
reference/python/nollm/grf/exporters.py,py,reference/python/nollm/grf,SNAPSHOT,,CANDIDATE,production,snapshot or serialization state,candidate,__future__;dataclasses;typing,,SPLIT,MEDIUM,storage/replay responsibility requires public Core port
reference/python/nollm/grf/facade.py,py,reference/python/nollm/grf,ACCESS,,BLOCKED,production,access policy or source handles,candidate,.admission_bridge;.capture;.cell_address;.json_canonical;.ledger;.recall;.recall_digest;.replay;.source_window;.storage;__future__;dataclasses;pathlib;shutil;typing,,SPLIT,MEDIUM,product/source/placement responsibility currently mixed with GRF
reference/python/nollm/grf/field_engine.py,py,reference/python/nollm/grf,CORE,,ACTIVE,production,geometry current state,candidate,.axial;.bridge_kernel;.cell_address;.kernel_registry;.placement;.relation_field;__future__;dataclasses,,MOVE,HIGH,pure geometry/current-state implementation
reference/python/nollm/grf/fixed_point.py,py,reference/python/nollm/grf,CORE,,ACTIVE,production,geometry current state,candidate,__future__,,MOVE,HIGH,pure geometry/current-state implementation
reference/python/nollm/grf/gate_evidence.py,py,reference/python/nollm/grf,LEGACY,,MIGRATION_ASSET,development_or_reference,unknown or mixed,candidate,__future__;dataclasses;typing,,QUARANTINE,LOW,mixed GRF responsibility pending extraction
reference/python/nollm/grf/geometry_storage.py,py,reference/python/nollm/grf,CORE,,ACTIVE,production,geometry current state,candidate,.cell_address;.path_encoding;__future__;pathlib;urllib.parse,,MOVE,HIGH,pure geometry/current-state implementation
reference/python/nollm/grf/grf2_validation.py,py,reference/python/nollm/grf,LEGACY,,MIGRATION_ASSET,development_or_reference,unknown or mixed,candidate,.kernel_registry;__future__;dataclasses,,QUARANTINE,LOW,mixed GRF responsibility pending extraction
reference/python/nollm/grf/grf8_quality_benchmark.py,py,reference/python/nollm/grf,LEGACY,,MIGRATION_ASSET,development_or_reference,unknown or mixed,candidate,.grf8_quality_dataset;__future__;dataclasses;hashlib;math;time;typing,,QUARANTINE,LOW,mixed GRF responsibility pending extraction
reference/python/nollm/grf/grf8_quality_dataset.py,py,reference/python/nollm/grf,LEGACY,,MIGRATION_ASSET,development_or_reference,unknown or mixed,candidate,__future__;dataclasses;hashlib,,QUARANTINE,LOW,mixed GRF responsibility pending extraction
reference/python/nollm/grf/host_contract.py,py,reference/python/nollm/grf,ACCESS,,BLOCKED,production,access policy or source handles,candidate,.exporters;.facade;__future__;dataclasses;pathlib;time;typing,,SPLIT,MEDIUM,product/source/placement responsibility currently mixed with GRF
reference/python/nollm/grf/importers.py,py,reference/python/nollm/grf,SNAPSHOT,,CANDIDATE,production,snapshot or serialization state,candidate,.capture;.cell_address;.evidence;.source_window;__future__;dataclasses;typing,,SPLIT,MEDIUM,storage/replay responsibility requires public Core port
reference/python/nollm/grf/ingestion.py,py,reference/python/nollm/grf,ACCESS,,BLOCKED,production,access policy or source handles,candidate,.capture;.facade;.real_sources;.source_window;__future__;dataclasses;json;pathlib,,SPLIT,MEDIUM,product/source/placement responsibility currently mixed with GRF
reference/python/nollm/grf/json_canonical.py,py,reference/python/nollm/grf,SNAPSHOT,,CANDIDATE,production,snapshot or serialization state,candidate,__future__;hashlib;json;typing,,SPLIT,MEDIUM,storage/replay responsibility requires public Core port
reference/python/nollm/grf/kernel_registry.py,py,reference/python/nollm/grf,CORE,,ACTIVE,production,geometry current state,candidate,.coverage_template;.json_canonical;__future__;dataclasses;hashlib,,MOVE,HIGH,pure geometry/current-state implementation
reference/python/nollm/grf/kernel_store.py,py,reference/python/nollm/grf,LEGACY,,MIGRATION_ASSET,development_or_reference,unknown or mixed,candidate,.coverage_template;__future__;dataclasses,,QUARANTINE,LOW,mixed GRF responsibility pending extraction
reference/python/nollm/grf/ledger.py,py,reference/python/nollm/grf,TRACE,,CANDIDATE,production,trace records,candidate,.json_canonical;__future__;dataclasses;hashlib;pathlib,,SPLIT,MEDIUM,observability/recording responsibility
reference/python/nollm/grf/local_patch.py,py,reference/python/nollm/grf,LEGACY,,MIGRATION_ASSET,development_or_reference,unknown or mixed,candidate,.cell_address;.fixed_point;.profiles;__future__;dataclasses,,QUARANTINE,LOW,mixed GRF responsibility pending extraction
reference/python/nollm/grf/openclaw_bridge.py,py,reference/python/nollm/grf,ACCESS,,BLOCKED,production,access policy or source handles,candidate,.cell_address;.facade;.placement_protocol;.recall;__future__;dataclasses;json;pathlib;sys;typing,,SPLIT,MEDIUM,product/source/placement responsibility currently mixed with GRF
reference/python/nollm/grf/path_encoding.py,py,reference/python/nollm/grf,SNAPSHOT,,CANDIDATE,production,snapshot or serialization state,candidate,__future__;hashlib,,SPLIT,MEDIUM,storage/replay responsibility requires public Core port
reference/python/nollm/grf/placement.py,py,reference/python/nollm/grf,ACCESS,,BLOCKED,production,access policy or source handles,candidate,.cell_address;.fixed_point;__future__;dataclasses,,SPLIT,MEDIUM,product/source/placement responsibility currently mixed with GRF
reference/python/nollm/grf/placement_protocol.py,py,reference/python/nollm/grf,ACCESS,,BLOCKED,production,access policy or source handles,candidate,.cell_address;__future__;dataclasses;typing,,SPLIT,MEDIUM,product/source/placement responsibility currently mixed with GRF
reference/python/nollm/grf/profiles.py,py,reference/python/nollm/grf,CORE,,ACTIVE,production,geometry current state,candidate,.fixed_point;__future__;dataclasses,,MOVE,HIGH,pure geometry/current-state implementation
reference/python/nollm/grf/propagation.py,py,reference/python/nollm/grf,CORE,,ACTIVE,production,geometry current state,candidate,.cell_address;.fixed_point;__future__;dataclasses,,MOVE,HIGH,pure geometry/current-state implementation
reference/python/nollm/grf/readiness_validation.py,py,reference/python/nollm/grf,LEGACY,,MIGRATION_ASSET,development_or_reference,unknown or mixed,candidate,.kernel_registry;.profiles;__future__;ast;pathlib,,QUARANTINE,LOW,mixed GRF responsibility pending extraction
reference/python/nollm/grf/real_sources.py,py,reference/python/nollm/grf,ACCESS,,BLOCKED,production,access policy or source handles,candidate,__future__;dataclasses;hashlib;pathlib;re,,SPLIT,MEDIUM,product/source/placement responsibility currently mixed with GRF
reference/python/nollm/grf/recall.py,py,reference/python/nollm/grf,LEGACY,,MIGRATION_ASSET,development_or_reference,unknown or mixed,candidate,.cell_address;.fixed_point;.propagation;.recall_digest;.relation_field;__future__;dataclasses,,QUARANTINE,LOW,mixed GRF responsibility pending extraction
reference/python/nollm/grf/recall_digest.py,py,reference/python/nollm/grf,TRACE,,CANDIDATE,production,trace records,candidate,.cell_address;__future__;dataclasses,,SPLIT,MEDIUM,observability/recording responsibility
reference/python/nollm/grf/relation_field.py,py,reference/python/nollm/grf,LEGACY,,BLOCKED,development_or_reference,blocked relation index,candidate,.bridge_kernel;.cell_address;.coverage_template;.placement;.propagation;.recall_digest;__future__;dataclasses,,DELETE_LATER,HIGH,external relation index is forbidden on the Core path and awaits M1 removal
reference/python/nollm/grf/replay.py,py,reference/python/nollm/grf,SNAPSHOT,,CANDIDATE,production,snapshot or serialization state,candidate,.coverage_template;.json_canonical;.ledger;.recall;.relation_field;.storage;__future__;pathlib,,SPLIT,MEDIUM,storage/replay responsibility requires public Core port
reference/python/nollm/grf/resource_sampler.py,py,reference/python/nollm/grf,LEGACY,,MIGRATION_ASSET,development_or_reference,unknown or mixed,candidate,__future__;dataclasses;pathlib;sys,,QUARANTINE,LOW,mixed GRF responsibility pending extraction
reference/python/nollm/grf/scale_validation.py,py,reference/python/nollm/grf,LEGACY,,MIGRATION_ASSET,development_or_reference,unknown or mixed,candidate,.validation_bench;__future__,,QUARANTINE,LOW,mixed GRF responsibility pending extraction
reference/python/nollm/grf/source_window.py,py,reference/python/nollm/grf,ACCESS,,BLOCKED,production,access policy or source handles,candidate,__future__;dataclasses,,SPLIT,MEDIUM,product/source/placement responsibility currently mixed with GRF
reference/python/nollm/grf/stitching.py,py,reference/python/nollm/grf,CORE,,ACTIVE,production,geometry current state,candidate,.bridge_kernel;.fixed_point;__future__;dataclasses,,MOVE,HIGH,pure geometry/current-state implementation
reference/python/nollm/grf/storage.py,py,reference/python/nollm/grf,SNAPSHOT,,CANDIDATE,production,snapshot or serialization state,candidate,.admission;.bridge_kernel;.cell_address;.evidence;.evidence_island;.geometry_storage;.json_canonical;.ledger;.local_patch;.path_encoding;.placement;.recall_digest;.source_window;.stitching;__future__;pathlib;typing,,SPLIT,MEDIUM,storage/replay responsibility requires public Core port
reference/python/nollm/grf/validation.py,py,reference/python/nollm/grf,LEGACY,,MIGRATION_ASSET,development_or_reference,unknown or mixed,candidate,.coverage_template;.fixed_point;.profiles;__future__;pathlib,,QUARANTINE,LOW,mixed GRF responsibility pending extraction
reference/python/nollm/grf/validation_bench.py,py,reference/python/nollm/grf,LEGACY,,MIGRATION_ASSET,development_or_reference,unknown or mixed,candidate,__future__;dataclasses;json;pathlib,,QUARANTINE,LOW,mixed GRF responsibility pending extraction
reference/python/nollm/history.py,py,reference/python/nollm,LEGACY,,HISTORICAL,development_or_reference,historical or mixed runtime state,candidate,.filesystem;__future__;pathlib;typing,,QUARANTINE,LOW,pre-modular root source retained pending M1 extraction
reference/python/nollm/honeycomb.py,py,reference/python/nollm,LEGACY,,HISTORICAL,development_or_reference,historical or mixed runtime state,candidate,__future__;math,,QUARANTINE,LOW,pre-modular root source retained pending M1 extraction
reference/python/nollm/ids.py,py,reference/python/nollm,LEGACY,,HISTORICAL,development_or_reference,historical or mixed runtime state,candidate,__future__;datetime;hashlib;pathlib;re,,QUARANTINE,LOW,pre-modular root source retained pending M1 extraction
reference/python/nollm/legacy_extract.py,py,reference/python/nollm,LEGACY,,HISTORICAL,development_or_reference,historical or mixed runtime state,candidate,.archive;.archive_manifest;.legacy_text;.path_safety;.source_spans;__future__;pathlib;typing,,QUARANTINE,LOW,pre-modular root source retained pending M1 extraction
reference/python/nollm/legacy_import.py,py,reference/python/nollm,LEGACY,,HISTORICAL,development_or_reference,historical or mixed runtime state,candidate,.archive;.archive_manifest;.coverage;.legacy_extract;.native_field;.path_safety;.provenance;.safe_storage;.source_spans;__future__;base64;ctypes;datetime;json;os;pathlib;re;shutil;threading;time;typing;uuid,,QUARANTINE,LOW,pre-modular root source retained pending M1 extraction
reference/python/nollm/legacy_text.py,py,reference/python/nollm,LEGACY,,HISTORICAL,development_or_reference,historical or mixed runtime state,candidate,.archive_manifest;__future__,,QUARANTINE,LOW,pre-modular root source retained pending M1 extraction
reference/python/nollm/local_gate.py,py,reference/python/nollm,LEGACY,,HISTORICAL,development_or_reference,historical or mixed runtime state,candidate,__future__;dataclasses;json;nollm.dream_checks_manifest;nollm.dream_triage;nollm.pytest_env;pathlib;shutil;subprocess;sys;typing,,QUARANTINE,LOW,pre-modular root source retained pending M1 extraction
reference/python/nollm/minimal_ablation_experiment.py,py,reference/python/nollm,LEGACY,,HISTORICAL,development_or_reference,historical or mixed runtime state,candidate,__future__;dataclasses;nollm.gravity;typing,,QUARANTINE,LOW,pre-modular root source retained pending M1 extraction
reference/python/nollm/mode3_trace_experiment.py,py,reference/python/nollm,LEGACY,,HISTORICAL,development_or_reference,historical or mixed runtime state,candidate,__future__;dataclasses;nollm.gravity;typing,,QUARANTINE,LOW,pre-modular root source retained pending M1 extraction
reference/python/nollm/models.py,py,reference/python/nollm,LEGACY,,HISTORICAL,development_or_reference,historical or mixed runtime state,candidate,__future__,,QUARANTINE,LOW,pre-modular root source retained pending M1 extraction
reference/python/nollm/multi_step_coverage.py,py,reference/python/nollm,LEGACY,,HISTORICAL,development_or_reference,historical or mixed runtime state,candidate,__future__;math;nollm.geometry;nollm.geometry_profiles;typing,,QUARANTINE,LOW,pre-modular root source retained pending M1 extraction
reference/python/nollm/native_field.py,py,reference/python/nollm,LEGACY,,HISTORICAL,development_or_reference,historical or mixed runtime state,candidate,.archive;.archive_manifest;.legacy_extract;.legacy_text;.path_safety;.safe_storage;__future__;datetime;json;pathlib;re;typing,,QUARANTINE,LOW,pre-modular root source retained pending M1 extraction
reference/python/nollm/offset_sampling.py,py,reference/python/nollm,LEGACY,,HISTORICAL,development_or_reference,historical or mixed runtime state,candidate,__future__;dataclasses;math;nollm.geometry;nollm.geometry_profiles;random;typing,,QUARANTINE,LOW,pre-modular root source retained pending M1 extraction
reference/python/nollm/openclaw_active_memory_adapter.py,py,reference/python/nollm,LEGACY,,HISTORICAL,development_or_reference,historical or mixed runtime state,candidate,__future__;contextlib;datetime;hashlib;json;nollm.companion_memory_matching;nollm.companion_memory_store;nollm.w2_forensic;os;pathlib;re;sys;time;typing,,QUARANTINE,LOW,pre-modular root source retained pending M1 extraction
reference/python/nollm/openclaw_active_memory_config.py,py,reference/python/nollm,LEGACY,,HISTORICAL,development_or_reference,historical or mixed runtime state,candidate,__future__;pathlib;sys;typing,,QUARANTINE,LOW,pre-modular root source retained pending M1 extraction
reference/python/nollm/openclaw_memory_adapter.py,py,reference/python/nollm,LEGACY,,HISTORICAL,development_or_reference,historical or mixed runtime state,candidate,__future__;dataclasses;hashlib;json;nollm.companion_memory_store;nollm.dream_shard;nollm.geometry_profiles;nollm.gravity;pathlib;re;sys;typing,,QUARANTINE,LOW,pre-modular root source retained pending M1 extraction
reference/python/nollm/openclaw_memory_provider_alpha.py,py,reference/python/nollm,LEGACY,,HISTORICAL,development_or_reference,historical or mixed runtime state,candidate,__future__;dataclasses;datetime;hashlib;json;os;pathlib;re;sys;time;typing,,QUARANTINE,LOW,pre-modular root source retained pending M1 extraction
reference/python/nollm/parameter_experiments.py,py,reference/python/nollm,LEGACY,,HISTORICAL,development_or_reference,historical or mixed runtime state,candidate,__future__;dataclasses;math;typing,,QUARANTINE,LOW,pre-modular root source retained pending M1 extraction
reference/python/nollm/path_safety.py,py,reference/python/nollm,LEGACY,,HISTORICAL,development_or_reference,historical or mixed runtime state,candidate,__future__;pathlib;re;typing,,QUARANTINE,LOW,pre-modular root source retained pending M1 extraction
reference/python/nollm/provenance.py,py,reference/python/nollm,LEGACY,,HISTORICAL,development_or_reference,historical or mixed runtime state,candidate,.archive;.archive_manifest;.coverage;.legacy_extract;.legacy_text;.native_field;.path_safety;.safe_storage;.source_spans;__future__;datetime;json;pathlib;re;typing,,QUARANTINE,LOW,pre-modular root source retained pending M1 extraction
reference/python/nollm/pytest_env.py,py,reference/python/nollm,LEGACY,,HISTORICAL,development_or_reference,historical or mixed runtime state,candidate,__future__;os;typing,,QUARANTINE,LOW,pre-modular root source retained pending M1 extraction
reference/python/nollm/recall.py,py,reference/python/nollm,LEGACY,,HISTORICAL,development_or_reference,historical or mixed runtime state,candidate,.cortex;.filesystem;.ids;.models;__future__;json;pathlib;typing,,QUARANTINE,LOW,pre-modular root source retained pending M1 extraction
reference/python/nollm/reverse_cover.py,py,reference/python/nollm,LEGACY,,HISTORICAL,development_or_reference,historical or mixed runtime state,candidate,__future__;dataclasses;math;nollm.geometry;nollm.geometry_profiles;typing,,QUARANTINE,LOW,pre-modular root source retained pending M1 extraction
reference/python/nollm/review.py,py,reference/python/nollm,LEGACY,,HISTORICAL,development_or_reference,historical or mixed runtime state,candidate,.annotation;.filesystem;__future__;pathlib;typing,,QUARANTINE,LOW,pre-modular root source retained pending M1 extraction
reference/python/nollm/safe_root.py,py,reference/python/nollm,LEGACY,,HISTORICAL,development_or_reference,historical or mixed runtime state,candidate,__future__;ctypes;json;os;pathlib;stat;typing;uuid,,QUARANTINE,LOW,pre-modular root source retained pending M1 extraction
reference/python/nollm/safe_storage.py,py,reference/python/nollm,LEGACY,,HISTORICAL,development_or_reference,historical or mixed runtime state,candidate,.safe_root;__future__;json;os;pathlib;stat;typing;uuid,,QUARANTINE,LOW,pre-modular root source retained pending M1 extraction
reference/python/nollm/scale_scan_traversal.py,py,reference/python/nollm,LEGACY,,HISTORICAL,development_or_reference,historical or mixed runtime state,candidate,__future__;dataclasses;nollm.geometry;typing,,QUARANTINE,LOW,pre-modular root source retained pending M1 extraction
reference/python/nollm/source_policy.py,py,reference/python/nollm,LEGACY,,HISTORICAL,development_or_reference,historical or mixed runtime state,candidate,.safe_storage;__future__;dataclasses;pathlib;stat,,QUARANTINE,LOW,pre-modular root source retained pending M1 extraction
reference/python/nollm/source_spans.py,py,reference/python/nollm,LEGACY,,HISTORICAL,development_or_reference,historical or mixed runtime state,candidate,.archive;.archive_manifest;.path_safety;.safe_storage;__future__;json;pathlib;typing,,QUARANTINE,LOW,pre-modular root source retained pending M1 extraction
reference/python/nollm/tool_api.py,py,reference/python/nollm,LEGACY,,HISTORICAL,development_or_reference,historical or mixed runtime state,candidate,.annotation;.audit;.cortex;.filesystem;.history;.ids;.models;.recall;.review;.validation;__future__;json;pathlib;typing,,QUARANTINE,LOW,pre-modular root source retained pending M1 extraction
reference/python/nollm/validation.py,py,reference/python/nollm,LEGACY,,HISTORICAL,development_or_reference,historical or mixed runtime state,candidate,.filesystem;.honeycomb;.models;__future__;json;pathlib;typing,,QUARANTINE,LOW,pre-modular root source retained pending M1 extraction
reference/python/nollm/w2_forensic.py,py,reference/python/nollm,LEGACY,,HISTORICAL,development_or_reference,historical or mixed runtime state,candidate,__future__;datetime;hashlib;json;os;pathlib;re;typing;unicodedata,,QUARANTINE,LOW,pre-modular root source retained pending M1 extraction
reference/python/pyproject.toml,toml,reference/python,DISTRIBUTION,,ACTIVE,development_or_reference,none,none,,,KEEP,MEDIUM,root repository governance or packaging asset
reference/python/run_tests.py,py,reference/python,DISTRIBUTION,,ACTIVE,development_or_reference,none,candidate,__future__;nollm.pytest_env;os;pytest;sys,,KEEP,MEDIUM,root repository governance or packaging asset
reference/python/scripts/build_engineering_rc_export_archive.py,py,reference/python/scripts,DISTRIBUTION,,ACTIVE,development_or_reference,none,candidate,__future__;argparse;json;nollm.engineering_rc_archive;pathlib;sys,,KEEP,MEDIUM,root repository governance or packaging asset
reference/python/scripts/check_engineering_rc_export.py,py,reference/python/scripts,DISTRIBUTION,,ACTIVE,development_or_reference,none,candidate,__future__;argparse;nollm.engineering_rc_export;pathlib;sys,,KEEP,MEDIUM,root repository governance or packaging asset
reference/python/scripts/check_package_hygiene.py,py,reference/python/scripts,DISTRIBUTION,,ACTIVE,development_or_reference,none,candidate,__future__;pathlib;sys,,KEEP,MEDIUM,root repository governance or packaging asset
reference/python/scripts/configure_ocp4_active_memory.py,py,reference/python/scripts,DISTRIBUTION,,ACTIVE,development_or_reference,none,candidate,__future__;argparse;json;nollm.openclaw_active_memory_config;pathlib;shutil;subprocess;sys;tempfile,,KEEP,MEDIUM,root repository governance or packaging asset
reference/python/scripts/configure_ocp6r_cortex_active_memory.py,py,reference/python/scripts,DISTRIBUTION,,ACTIVE,development_or_reference,none,candidate,__future__;argparse;json;nollm.openclaw_active_memory_config;pathlib;sys,,KEEP,MEDIUM,root repository governance or packaging asset
reference/python/scripts/install_openclaw_nollm_companion.py,py,reference/python/scripts,DISTRIBUTION,,ACTIVE,development_or_reference,none,candidate,__future__;argparse;hashlib;json;os;pathlib;shutil;subprocess;sys;tempfile;time;typing,,KEEP,MEDIUM,root repository governance or packaging asset
reference/python/scripts/package_nollm_tq1_delivery_evidence.py,py,reference/python/scripts,DISTRIBUTION,,ACTIVE,development_or_reference,none,candidate,__future__;argparse;hashlib;json;os;pathlib;shutil;subprocess;sys;tempfile;typing;xml.etree.ElementTree,,KEEP,MEDIUM,root repository governance or packaging asset
reference/python/scripts/parse_openclaw_memory_fixture.py,py,reference/python/scripts,DISTRIBUTION,,ACTIVE,development_or_reference,none,candidate,__future__;argparse;json;nollm.openclaw_memory_adapter;pathlib;sys,,KEEP,MEDIUM,root repository governance or packaging asset
reference/python/scripts/run_all_dream_geometry_checks.py,py,reference/python/scripts,DISTRIBUTION,,ACTIVE,development_or_reference,none,candidate,__future__;argparse;nollm.dream_checks_manifest;pathlib;sys,,KEEP,MEDIUM,root repository governance or packaging asset
reference/python/scripts/run_dg7_reference_runtime.py,py,reference/python/scripts,DISTRIBUTION,,ACTIVE,development_or_reference,none,candidate,__future__;argparse;nollm.dream_geometry.validation.dg7;nollm.dream_geometry.validation.dg7.runner;pathlib;sys,,KEEP,MEDIUM,root repository governance or packaging asset
reference/python/scripts/run_dream_cortex_demo.py,py,reference/python/scripts,DISTRIBUTION,,ACTIVE,development_or_reference,none,candidate,__future__;argparse;json;nollm.dream_cortex_recall;pathlib;sys,,KEEP,MEDIUM,root repository governance or packaging asset
reference/python/scripts/run_dream_experiment_batch.py,py,reference/python/scripts,DISTRIBUTION,,ACTIVE,development_or_reference,none,candidate,__future__;argparse;nollm.dream_experiment_batch;pathlib;sys,,KEEP,MEDIUM,root repository governance or packaging asset
reference/python/scripts/run_dream_failure_triage.py,py,reference/python/scripts,DISTRIBUTION,,ACTIVE,development_or_reference,none,candidate,__future__;argparse;nollm.dream_triage;pathlib;sys,,KEEP,MEDIUM,root repository governance or packaging asset
reference/python/scripts/run_dream_geometry_suite.py,py,reference/python/scripts,DISTRIBUTION,,ACTIVE,development_or_reference,none,candidate,__future__;argparse;nollm.dream_suite;pathlib;sys,,KEEP,MEDIUM,root repository governance or packaging asset
reference/python/scripts/run_dream_golden_regression.py,py,reference/python/scripts,DISTRIBUTION,,ACTIVE,development_or_reference,none,candidate,__future__;argparse;nollm.dream_golden_regression;pathlib;sys,,KEEP,MEDIUM,root repository governance or packaging asset
reference/python/scripts/run_dream_regression_pack.py,py,reference/python/scripts,DISTRIBUTION,,ACTIVE,development_or_reference,none,candidate,__future__;argparse;nollm.dream_regression;pathlib;sys,,KEEP,MEDIUM,root repository governance or packaging asset
reference/python/scripts/run_engineering_rc_final_smoke.py,py,reference/python/scripts,DISTRIBUTION,,ACTIVE,development_or_reference,none,candidate,__future__;argparse;json;nollm.engineering_rc_final_smoke;pathlib;sys,,KEEP,MEDIUM,root repository governance or packaging asset
reference/python/scripts/run_g_series_engineering_gate.py,py,reference/python/scripts,DISTRIBUTION,,ACTIVE,development_or_reference,none,candidate,__future__;argparse;nollm.g_series_engineering_closure;pathlib;sys,,KEEP,MEDIUM,root repository governance or packaging asset
reference/python/scripts/run_gravity_report_demo.py,py,reference/python/scripts,DISTRIBUTION,,ACTIVE,development_or_reference,none,candidate,__future__;json;nollm.gravity;pathlib;sys,,KEEP,MEDIUM,root repository governance or packaging asset
reference/python/scripts/run_hx1_trusted_host_bridge.py,py,reference/python/scripts,DISTRIBUTION,,ACTIVE,development_or_reference,none,candidate,__future__;json;nollm.dream_geometry.host_execution;pathlib;sys;tempfile;test_hx1_trusted_host_bridge,,KEEP,MEDIUM,root repository governance or packaging asset
reference/python/scripts/run_minimal_ablation_experiment.py,py,reference/python/scripts,DISTRIBUTION,,ACTIVE,development_or_reference,none,candidate,__future__;argparse;json;nollm.minimal_ablation_experiment;pathlib;sys,,KEEP,MEDIUM,root repository governance or packaging asset
reference/python/scripts/run_mode3_trace_experiment.py,py,reference/python/scripts,DISTRIBUTION,,ACTIVE,development_or_reference,none,candidate,__future__;argparse;json;nollm.mode3_trace_experiment;pathlib;sys,,KEEP,MEDIUM,root repository governance or packaging asset
reference/python/scripts/run_multi_step_coverage_metrics.py,py,reference/python/scripts,DISTRIBUTION,,ACTIVE,development_or_reference,none,candidate,__future__;argparse;json;nollm.multi_step_coverage;pathlib;sys,,KEEP,MEDIUM,root repository governance or packaging asset
reference/python/scripts/run_nollm_grf.py,py,reference/python/scripts,DISTRIBUTION,,ACTIVE,development_or_reference,none,candidate,__future__;argparse;json;nollm.grf.exporters;nollm.grf.facade;pathlib;sys,,KEEP,MEDIUM,root repository governance or packaging asset
reference/python/scripts/run_nollm_host_admission_gateway.py,py,reference/python/scripts,DISTRIBUTION,,ACTIVE,development_or_reference,none,candidate,__future__;argparse;json;nollm.dream_geometry.host_admission_gateway;pathlib;sys,,KEEP,MEDIUM,root repository governance or packaging asset
reference/python/scripts/run_nollm_host_capture_gateway.py,py,reference/python/scripts,DISTRIBUTION,,ACTIVE,development_or_reference,none,candidate,__future__;argparse;nollm.dream_geometry.host_capture_gateway;nollm.dream_geometry.host_capture_gateway.errors;nollm.dream_geometry.host_capture_gateway.serialization;pathlib;sys,,KEEP,MEDIUM,root repository governance or packaging asset
reference/python/scripts/run_nollm_local_gate.py,py,reference/python/scripts,DISTRIBUTION,,ACTIVE,development_or_reference,none,candidate,__future__;argparse;nollm.local_gate;pathlib;sys,,KEEP,MEDIUM,root repository governance or packaging asset
reference/python/scripts/run_nollm_test_matrix.py,py,reference/python/scripts,DISTRIBUTION,,ACTIVE,development_or_reference,none,candidate,__future__;argparse;concurrent.futures;hashlib;json;math;os;pathlib;shutil;signal;subprocess;sys;tempfile;time;typing;xml.etree.ElementTree,,KEEP,MEDIUM,root repository governance or packaging asset
reference/python/scripts/run_nollm_test_shards.py,py,reference/python/scripts,DISTRIBUTION,,ACTIVE,development_or_reference,none,candidate,__future__;argparse;json;nollm.pytest_env;os;pathlib;re;subprocess;sys;tempfile;time,,KEEP,MEDIUM,root repository governance or packaging asset
reference/python/scripts/run_offset_sampling.py,py,reference/python/scripts,DISTRIBUTION,,ACTIVE,development_or_reference,none,candidate,__future__;argparse;json;nollm.offset_sampling;pathlib;sys,,KEEP,MEDIUM,root repository governance or packaging asset
reference/python/scripts/run_openclaw_dream_pipeline.py,py,reference/python/scripts,DISTRIBUTION,,ACTIVE,development_or_reference,none,candidate,__future__;argparse;nollm.dream_pipeline;pathlib;sys,,KEEP,MEDIUM,root repository governance or packaging asset
reference/python/scripts/run_openclaw_nollm_active_memory.py,py,reference/python/scripts,DISTRIBUTION,,ACTIVE,development_or_reference,none,candidate,__future__;argparse;json;nollm.openclaw_active_memory_adapter;pathlib;sys;typing,,KEEP,MEDIUM,root repository governance or packaging asset
reference/python/scripts/run_openclaw_nollm_active_trial.py,py,reference/python/scripts,DISTRIBUTION,,ACTIVE,development_or_reference,none,candidate,__future__;argparse;dataclasses;datetime;hashlib;json;nollm.w2_forensic;os;pathlib;re;shutil;subprocess;sys;typing;zipfile,reference/python/tests/test_openclaw_active_trial_controller.py,KEEP,MEDIUM,root repository governance or packaging asset
reference/python/scripts/run_openclaw_nollm_cortex.py,py,reference/python/scripts,DISTRIBUTION,,ACTIVE,development_or_reference,none,candidate,__future__;argparse;json;nollm.openclaw_active_memory_config;pathlib;subprocess;sys;tempfile;typing,,KEEP,MEDIUM,root repository governance or packaging asset
reference/python/scripts/run_openclaw_nollm_dreamer.py,py,reference/python/scripts,DISTRIBUTION,,ACTIVE,development_or_reference,none,candidate,__future__;argparse;hashlib;json;nollm.dream_cortex_recall;nollm.openclaw_active_memory_config;pathlib;subprocess;sys;tempfile;typing,,KEEP,MEDIUM,root repository governance or packaging asset
reference/python/scripts/run_openclaw_nollm_memory.py,py,reference/python/scripts,DISTRIBUTION,,ACTIVE,development_or_reference,none,candidate,__future__;argparse;json;nollm.dream_cortex_recall;nollm.openclaw_memory_adapter;pathlib;sys,,KEEP,MEDIUM,root repository governance or packaging asset
reference/python/scripts/run_openclaw_nollm_provider.py,py,reference/python/scripts,DISTRIBUTION,,ACTIVE,development_or_reference,none,candidate,__future__;argparse;json;nollm.openclaw_memory_provider_alpha;pathlib;sys,,KEEP,MEDIUM,root repository governance or packaging asset
reference/python/scripts/run_real_corpus_dream_dry_run.py,py,reference/python/scripts,DISTRIBUTION,,ACTIVE,development_or_reference,none,candidate,__future__;argparse;nollm.dream_corpus_dry_run;pathlib;sys,,KEEP,MEDIUM,root repository governance or packaging asset
reference/python/scripts/run_reverse_cover_milp.py,py,reference/python/scripts,DISTRIBUTION,,ACTIVE,development_or_reference,none,candidate,__future__;argparse;json;nollm.reverse_cover;pathlib;sys,,KEEP,MEDIUM,root repository governance or packaging asset
reference/python/scripts/validate_ocp3b_live_e2e_evidence.py,py,reference/python/scripts,DISTRIBUTION,,ACTIVE,development_or_reference,none,candidate,__future__;argparse;hashlib;json;pathlib;sys;typing,,KEEP,MEDIUM,root repository governance or packaging asset
reference/python/tests/cli_harness.py,py,reference/python/tests,LAB,,ACTIVE,development_or_reference,development-only results,candidate,__future__;contextlib;io;nollm.cli;os;pathlib;subprocess_harness;sys,,KEEP,HIGH,"test, experiment, fixture, or benchmark"
reference/python/tests/conftest.py,py,reference/python/tests,LAB,,ACTIVE,development_or_reference,development-only results,candidate,__future__;pathlib;shutil;subprocess;sys,,KEEP,HIGH,"test, experiment, fixture, or benchmark"
reference/python/tests/fixtures/ba1/fixture.py,py,reference/python/tests/fixtures/ba1,LAB,,ACTIVE,development_or_reference,development-only results,candidate,__future__;dataclasses;hashlib;nollm.dream_geometry.admission;nollm.dream_geometry.batch_admission;nollm.dream_geometry.capture;nollm.dream_geometry.cortex;nollm.dream_geometry.evidence;nollm.dream_geometry.protocol.contracts;pathlib;tests.fixtures.da1.fixture;typing,,KEEP,HIGH,"test, experiment, fixture, or benchmark"
reference/python/tests/fixtures/da1/__init__.py,py,reference/python/tests/fixtures/da1,LAB,,ACTIVE,development_or_reference,development-only results,candidate,,,KEEP,HIGH,"test, experiment, fixture, or benchmark"
reference/python/tests/fixtures/da1/fixture.py,py,reference/python/tests/fixtures/da1,LAB,,ACTIVE,development_or_reference,development-only results,candidate,__future__;dataclasses;hashlib;nollm.dream_geometry.admission;nollm.dream_geometry.cortex;nollm.dream_geometry.evidence;nollm.dream_geometry.geometry;nollm.dream_geometry.protocol.contracts;pathlib;typing,,KEEP,HIGH,"test, experiment, fixture, or benchmark"
reference/python/tests/fixtures/dc1_legacy/README.md,md,reference/python/tests/fixtures/dc1_legacy,LAB,,ACTIVE,development_or_reference,development-only results,none,,,KEEP,HIGH,"test, experiment, fixture, or benchmark"
reference/python/tests/fixtures/df1_assembly/__init__.py,py,reference/python/tests/fixtures/df1_assembly,LAB,,ACTIVE,development_or_reference,development-only results,candidate,,,KEEP,HIGH,"test, experiment, fixture, or benchmark"
reference/python/tests/fixtures/df1_assembly/fixture.py,py,reference/python/tests/fixtures/df1_assembly,LAB,,ACTIVE,development_or_reference,development-only results,candidate,__future__;dataclasses;hashlib;nollm.dream_geometry.admission;nollm.dream_geometry.assembly;nollm.dream_geometry.cortex;nollm.dream_geometry.evidence;nollm.dream_geometry.field;nollm.dream_geometry.geometry;nollm.dream_geometry.geometry.transform;nollm.dream_geometry.protocol.contracts;pathlib,,KEEP,HIGH,"test, experiment, fixture, or benchmark"
reference/python/tests/fixtures/dg1_geometry/README.md,md,reference/python/tests/fixtures/dg1_geometry,LAB,,ACTIVE,development_or_reference,development-only results,none,,,KEEP,HIGH,"test, experiment, fixture, or benchmark"
reference/python/tests/fixtures/dg2_field/README.md,md,reference/python/tests/fixtures/dg2_field,LAB,,ACTIVE,development_or_reference,development-only results,none,,,KEEP,HIGH,"test, experiment, fixture, or benchmark"
reference/python/tests/fixtures/dg5/__init__.py,py,reference/python/tests/fixtures/dg5,LAB,,ACTIVE,development_or_reference,development-only results,candidate,,,KEEP,HIGH,"test, experiment, fixture, or benchmark"
reference/python/tests/fixtures/dg5/fixture.py,py,reference/python/tests/fixtures/dg5,LAB,,ACTIVE,development_or_reference,development-only results,candidate,__future__;dataclasses;nollm.dream_geometry.field.types;nollm.dream_geometry.geometry.chart;nollm.dream_geometry.geometry.types;nollm.dream_geometry.protocol.contracts;pathlib,,KEEP,HIGH,"test, experiment, fixture, or benchmark"
reference/python/tests/fixtures/dg6/__init__.py,py,reference/python/tests/fixtures/dg6,LAB,,ACTIVE,development_or_reference,development-only results,candidate,,,KEEP,HIGH,"test, experiment, fixture, or benchmark"
reference/python/tests/fixtures/dg6/fixture.py,py,reference/python/tests/fixtures/dg6,LAB,,ACTIVE,development_or_reference,development-only results,candidate,__future__;dataclasses;nollm.dream_geometry.assembly.types;nollm.dream_geometry.field.gravity;nollm.dream_geometry.field.types;tests.fixtures.dg5.fixture,,KEEP,HIGH,"test, experiment, fixture, or benchmark"
reference/python/tests/fixtures/dr1_recall/__init__.py,py,reference/python/tests/fixtures/dr1_recall,LAB,,ACTIVE,development_or_reference,development-only results,candidate,,,KEEP,HIGH,"test, experiment, fixture, or benchmark"
reference/python/tests/fixtures/dr1_recall/fixture.py,py,reference/python/tests/fixtures/dr1_recall,LAB,,ACTIVE,development_or_reference,development-only results,candidate,nollm.dream_geometry.validation.dr1_fixture,,KEEP,HIGH,"test, experiment, fixture, or benchmark"
reference/python/tests/fixtures/dx2/__init__.py,py,reference/python/tests/fixtures/dx2,LAB,,ACTIVE,development_or_reference,development-only results,candidate,,,KEEP,HIGH,"test, experiment, fixture, or benchmark"
reference/python/tests/fixtures/dx2/fixture.py,py,reference/python/tests/fixtures/dx2,LAB,,ACTIVE,development_or_reference,development-only results,candidate,__future__;dataclasses;hashlib;nollm.dream_geometry.adapters;nollm.dream_geometry.admission;nollm.dream_geometry.assembly;nollm.dream_geometry.batch_admission;nollm.dream_geometry.capture;nollm.dream_geometry.cortex;nollm.dream_geometry.evidence;nollm.dream_geometry.field;nollm.dream_geometry.geometry;nollm.dream_geometry.geometry.transform;nollm.dream_geometry.protocol.contracts;nollm.dream_geometry.recall;pathlib;typing,,KEEP,HIGH,"test, experiment, fixture, or benchmark"
reference/python/tests/fixtures/gat1/__init__.py,py,reference/python/tests/fixtures/gat1,LAB,,ACTIVE,development_or_reference,development-only results,candidate,,,KEEP,HIGH,"test, experiment, fixture, or benchmark"
reference/python/tests/fixtures/gat1/fixture.py,py,reference/python/tests/fixtures/gat1,LAB,,ACTIVE,development_or_reference,development-only results,candidate,__future__;dataclasses;functools;math;nollm.dream_geometry.geometry.chart;nollm.dream_geometry.geometry.schedules;nollm.dream_geometry.geometry.transform;nollm.dream_geometry.geometry.types;pathlib;typing,,KEEP,HIGH,"test, experiment, fixture, or benchmark"
reference/python/tests/fixtures/gcm1/__init__.py,py,reference/python/tests/fixtures/gcm1,LAB,,ACTIVE,development_or_reference,development-only results,candidate,,,KEEP,HIGH,"test, experiment, fixture, or benchmark"
reference/python/tests/fixtures/gcm1/fixture.py,py,reference/python/tests/fixtures/gcm1,LAB,,ACTIVE,development_or_reference,development-only results,candidate,__future__;dataclasses;math;nollm.dream_geometry.field.compaction;nollm.dream_geometry.field.types;nollm.dream_geometry.geometry.chart;nollm.dream_geometry.geometry.schedules;nollm.dream_geometry.geometry.types;nollm.dream_geometry.protocol.contracts;pathlib;tests.fixtures.gsc1.fixture;typing,,KEEP,HIGH,"test, experiment, fixture, or benchmark"
reference/python/tests/fixtures/gkc1/__init__.py,py,reference/python/tests/fixtures/gkc1,LAB,,ACTIVE,development_or_reference,development-only results,candidate,,,KEEP,HIGH,"test, experiment, fixture, or benchmark"
reference/python/tests/fixtures/gkc1/fixture.py,py,reference/python/tests/fixtures/gkc1,LAB,,ACTIVE,development_or_reference,development-only results,candidate,__future__;dataclasses;math;nollm.dream_geometry.geometry.chart;nollm.dream_geometry.geometry.coverage;nollm.dream_geometry.geometry.hexgrid;nollm.dream_geometry.geometry.schedules;nollm.dream_geometry.geometry.types;pathlib;typing,,KEEP,HIGH,"test, experiment, fixture, or benchmark"
reference/python/tests/fixtures/gkd1/__init__.py,py,reference/python/tests/fixtures/gkd1,LAB,,ACTIVE,development_or_reference,development-only results,candidate,,,KEEP,HIGH,"test, experiment, fixture, or benchmark"
reference/python/tests/fixtures/gkd1/fixture.py,py,reference/python/tests/fixtures/gkd1,LAB,,ACTIVE,development_or_reference,development-only results,candidate,__future__;dataclasses;math;nollm.dream_geometry.geometry.chart;nollm.dream_geometry.geometry.coverage;nollm.dream_geometry.geometry.hexgrid;nollm.dream_geometry.geometry.metrics;nollm.dream_geometry.geometry.schedules;nollm.dream_geometry.geometry.types;pathlib;typing,,KEEP,HIGH,"test, experiment, fixture, or benchmark"
reference/python/tests/fixtures/gpr1/__init__.py,py,reference/python/tests/fixtures/gpr1,LAB,,ACTIVE,development_or_reference,development-only results,candidate,,,KEEP,HIGH,"test, experiment, fixture, or benchmark"
reference/python/tests/fixtures/gpr1/fixture.py,py,reference/python/tests/fixtures/gpr1,LAB,,ACTIVE,development_or_reference,development-only results,candidate,__future__;dataclasses;functools;math;nollm.dream_geometry.geometry.chart;nollm.dream_geometry.geometry.coverage;nollm.dream_geometry.geometry.hexgrid;nollm.dream_geometry.geometry.metrics;nollm.dream_geometry.geometry.schedules;nollm.dream_geometry.geometry.types;pathlib;typing,,KEEP,HIGH,"test, experiment, fixture, or benchmark"
reference/python/tests/fixtures/gra1/__init__.py,py,reference/python/tests/fixtures/gra1,LAB,,ACTIVE,development_or_reference,development-only results,candidate,,,KEEP,HIGH,"test, experiment, fixture, or benchmark"
reference/python/tests/fixtures/gra1/fixture.py,py,reference/python/tests/fixtures/gra1,LAB,,ACTIVE,development_or_reference,development-only results,candidate,__future__;dataclasses;functools;math;nollm.dream_geometry.geometry.chart;nollm.dream_geometry.geometry.schedules;nollm.dream_geometry.geometry.types;pathlib;typing,,KEEP,HIGH,"test, experiment, fixture, or benchmark"
reference/python/tests/fixtures/grc1/__init__.py,py,reference/python/tests/fixtures/grc1,LAB,,ACTIVE,development_or_reference,development-only results,candidate,,,KEEP,HIGH,"test, experiment, fixture, or benchmark"
reference/python/tests/fixtures/grc1/fixture.py,py,reference/python/tests/fixtures/grc1,LAB,,ACTIVE,development_or_reference,development-only results,candidate,__future__;dataclasses;math;nollm.dream_geometry.geometry.chart;nollm.dream_geometry.geometry.coverage;nollm.dream_geometry.geometry.hexgrid;nollm.dream_geometry.geometry.metrics;nollm.dream_geometry.geometry.schedules;nollm.dream_geometry.geometry.types;pathlib;typing,,KEEP,HIGH,"test, experiment, fixture, or benchmark"
reference/python/tests/fixtures/gsc1/__init__.py,py,reference/python/tests/fixtures/gsc1,LAB,,ACTIVE,development_or_reference,development-only results,candidate,,,KEEP,HIGH,"test, experiment, fixture, or benchmark"
reference/python/tests/fixtures/gsc1/fixture.py,py,reference/python/tests/fixtures/gsc1,LAB,,ACTIVE,development_or_reference,development-only results,candidate,__future__;dataclasses;functools;math;nollm.dream_geometry.geometry.chart;nollm.dream_geometry.geometry.coverage;nollm.dream_geometry.geometry.hexgrid;nollm.dream_geometry.geometry.schedules;nollm.dream_geometry.geometry.types;pathlib;typing,,KEEP,HIGH,"test, experiment, fixture, or benchmark"
reference/python/tests/fixtures/gvr1/__init__.py,py,reference/python/tests/fixtures/gvr1,LAB,,ACTIVE,development_or_reference,development-only results,candidate,,,KEEP,HIGH,"test, experiment, fixture, or benchmark"
reference/python/tests/fixtures/gvr1/fixture.py,py,reference/python/tests/fixtures/gvr1,LAB,,ACTIVE,development_or_reference,development-only results,candidate,__future__;dataclasses;functools;math;nollm.dream_geometry.geometry.chart;nollm.dream_geometry.geometry.coverage;nollm.dream_geometry.geometry.hexgrid;nollm.dream_geometry.geometry.metrics;nollm.dream_geometry.geometry.schedules;nollm.dream_geometry.geometry.types;pathlib;typing,,KEEP,HIGH,"test, experiment, fixture, or benchmark"
reference/python/tests/fixtures/mt1/legacy_workspace/DREAMS.md,md,reference/python/tests/fixtures/mt1/legacy_workspace,LAB,,ACTIVE,development_or_reference,development-only results,none,,,KEEP,HIGH,"test, experiment, fixture, or benchmark"
reference/python/tests/fixtures/mt1/legacy_workspace/MEMORY.md,md,reference/python/tests/fixtures/mt1/legacy_workspace,LAB,,ACTIVE,development_or_reference,development-only results,none,,,KEEP,HIGH,"test, experiment, fixture, or benchmark"
reference/python/tests/fixtures/mt1/legacy_workspace/memory/2026-06-21.md,md,reference/python/tests/fixtures/mt1/legacy_workspace/memory,LAB,,ACTIVE,development_or_reference,development-only results,none,,,KEEP,HIGH,"test, experiment, fixture, or benchmark"
reference/python/tests/grf/grf_runtime_fixture.py,py,reference/python/tests/grf,LAB,,ACTIVE,development_or_reference,development-only results,candidate,__future__;nollm.grf.bridge_kernel;nollm.grf.cell_address;nollm.grf.coverage_template;nollm.grf.fixed_point;nollm.grf.placement;nollm.grf.relation_field,,KEEP,HIGH,"test, experiment, fixture, or benchmark"
reference/python/tests/grf/test_axial_cube_kernel.py,py,reference/python/tests/grf,LAB,,ACTIVE,development_or_reference,development-only results,candidate,__future__;inspect;nollm.grf.axial;pytest,,KEEP,HIGH,"test, experiment, fixture, or benchmark"
reference/python/tests/grf/test_bridge_kernel_bounds.py,py,reference/python/tests/grf,LAB,,ACTIVE,development_or_reference,development-only results,candidate,__future__;nollm.grf.bridge_kernel;nollm.grf.fixed_point;pytest,,KEEP,HIGH,"test, experiment, fixture, or benchmark"
reference/python/tests/grf/test_coverage_direction_semantics.py,py,reference/python/tests/grf,LAB,,ACTIVE,development_or_reference,development-only results,candidate,__future__;nollm.grf.coverage_template,,KEEP,HIGH,"test, experiment, fixture, or benchmark"
reference/python/tests/grf/test_coverage_template_normalization.py,py,reference/python/tests/grf,LAB,,ACTIVE,development_or_reference,development-only results,candidate,__future__;nollm.grf.coverage_template;nollm.grf.fixed_point,,KEEP,HIGH,"test, experiment, fixture, or benchmark"
reference/python/tests/grf/test_eisenstein_integer_kernel.py,py,reference/python/tests/grf,LAB,,ACTIVE,development_or_reference,development-only results,candidate,__future__;inspect;nollm.grf.axial;nollm.grf.eisenstein,,KEEP,HIGH,"test, experiment, fixture, or benchmark"
reference/python/tests/grf/test_evidence_island_creation.py,py,reference/python/tests/grf,LAB,,ACTIVE,development_or_reference,development-only results,candidate,__future__;nollm.grf.evidence_island;pytest,,KEEP,HIGH,"test, experiment, fixture, or benchmark"
reference/python/tests/grf/test_fixed_point_weights.py,py,reference/python/tests/grf,LAB,,ACTIVE,development_or_reference,development-only results,candidate,__future__;nollm.grf.fixed_point,,KEEP,HIGH,"test, experiment, fixture, or benchmark"
reference/python/tests/grf/test_geometry_mark.py,py,reference/python/tests/grf,LAB,,ACTIVE,development_or_reference,development-only results,candidate,__future__;json;nollm.grf.cell_address;nollm.grf.fixed_point;nollm.grf.placement;pytest,,KEEP,HIGH,"test, experiment, fixture, or benchmark"
reference/python/tests/grf/test_grf2_kernel_registry.py,py,reference/python/tests/grf,LAB,,ACTIVE,development_or_reference,development-only results,candidate,__future__;nollm.grf.kernel_registry,,KEEP,HIGH,"test, experiment, fixture, or benchmark"
reference/python/tests/grf/test_grf2_large_scale_validation.py,py,reference/python/tests/grf,LAB,,ACTIVE,development_or_reference,development-only results,candidate,__future__;nollm.grf.grf2_validation,,KEEP,HIGH,"test, experiment, fixture, or benchmark"
reference/python/tests/grf/test_grf3_file_adapter.py,py,reference/python/tests/grf,LAB,,ACTIVE,development_or_reference,development-only results,candidate,__future__;integrations.adapters.grf_file_adapter;pathlib;sys,,KEEP,HIGH,"test, experiment, fixture, or benchmark"
reference/python/tests/grf/test_grf4r_adapter_conformance.py,py,reference/python/tests/grf,LAB,,ACTIVE,development_or_reference,development-only results,candidate,__future__;ast;integrations.adapters.grf_adapter_conformance;integrations.adapters.grf_declared_host_adapter;integrations.adapters.grf_file_adapter;pathlib;sys,,KEEP,HIGH,"test, experiment, fixture, or benchmark"
reference/python/tests/grf/test_grf4r_architecture_readiness.py,py,reference/python/tests/grf,LAB,,ACTIVE,development_or_reference,development-only results,candidate,__future__;nollm.grf.readiness_validation,,KEEP,HIGH,"test, experiment, fixture, or benchmark"
reference/python/tests/grf/test_grf7r2_evidence_pack.py,py,reference/python/tests/grf,LAB,,ACTIVE,development_or_reference,development-only results,candidate,__future__;experiments.grf.grf7r2_evidence_pack;json;pytest,,KEEP,HIGH,"test, experiment, fixture, or benchmark"
reference/python/tests/grf/test_grf7r3_compact_evidence.py,py,reference/python/tests/grf,LAB,,ACTIVE,development_or_reference,development-only results,candidate,__future__;experiments.grf.grf7r3_compact_evidence;json,,KEEP,HIGH,"test, experiment, fixture, or benchmark"
reference/python/tests/grf/test_grf7r_external_artifacts.py,py,reference/python/tests/grf,LAB,,ACTIVE,development_or_reference,development-only results,candidate,__future__;experiments.grf.verify_external_artifacts;json,,KEEP,HIGH,"test, experiment, fixture, or benchmark"
reference/python/tests/grf/test_grf7r_gate_evidence.py,py,reference/python/tests/grf,LAB,,ACTIVE,development_or_reference,development-only results,candidate,__future__;copy;experiments.grf.verify_grf7r_evidence;nollm.grf.gate_evidence;pytest,,KEEP,HIGH,"test, experiment, fixture, or benchmark"
reference/python/tests/grf/test_grf7r_host_registry.py,py,reference/python/tests/grf,LAB,,ACTIVE,development_or_reference,development-only results,candidate,__future__;integrations.adapters.grf7r_facade_runtime;pytest,,KEEP,HIGH,"test, experiment, fixture, or benchmark"
reference/python/tests/grf/test_grf7r_resource_sampler.py,py,reference/python/tests/grf,LAB,,ACTIVE,development_or_reference,development-only results,candidate,__future__;nollm.grf.resource_sampler;pytest;sys;types,,KEEP,HIGH,"test, experiment, fixture, or benchmark"
reference/python/tests/grf/test_grf8_quality_dataset.py,py,reference/python/tests/grf,LAB,,ACTIVE,development_or_reference,development-only results,candidate,nollm.grf.grf8_quality_benchmark;nollm.grf.grf8_quality_dataset,,KEEP,HIGH,"test, experiment, fixture, or benchmark"
reference/python/tests/grf/test_grf8_real_sources.py,py,reference/python/tests/grf,LAB,,ACTIVE,development_or_reference,development-only results,candidate,nollm.grf.facade;nollm.grf.ingestion;nollm.grf.real_sources,,KEEP,HIGH,"test, experiment, fixture, or benchmark"
reference/python/tests/grf/test_grf_capture_receipt.py,py,reference/python/tests/grf,LAB,,ACTIVE,development_or_reference,development-only results,candidate,__future__;nollm.grf.capture;nollm.grf.storage;pytest,,KEEP,HIGH,"test, experiment, fixture, or benchmark"
reference/python/tests/grf/test_grf_evidence_shard_storage.py,py,reference/python/tests/grf,LAB,,ACTIVE,development_or_reference,development-only results,candidate,__future__;hashlib;nollm.grf.evidence;nollm.grf.json_canonical;nollm.grf.ledger;nollm.grf.storage,,KEEP,HIGH,"test, experiment, fixture, or benchmark"
reference/python/tests/grf/test_grf_geometry_storage.py,py,reference/python/tests/grf,LAB,,ACTIVE,development_or_reference,development-only results,candidate,__future__;grf_runtime_fixture;nollm.grf.cell_address;nollm.grf.geometry_storage;nollm.grf.storage,,KEEP,HIGH,"test, experiment, fixture, or benchmark"
reference/python/tests/grf/test_grf_import_hcg_like_capture.py,py,reference/python/tests/grf,LAB,,ACTIVE,development_or_reference,development-only results,candidate,__future__;nollm.grf.importers,,KEEP,HIGH,"test, experiment, fixture, or benchmark"
reference/python/tests/grf/test_grf_import_oca_like_capture.py,py,reference/python/tests/grf,LAB,,ACTIVE,development_or_reference,development-only results,candidate,__future__;nollm.grf.importers,,KEEP,HIGH,"test, experiment, fixture, or benchmark"
reference/python/tests/grf/test_grf_larger_validation.py,py,reference/python/tests/grf,LAB,,ACTIVE,development_or_reference,development-only results,candidate,__future__;nollm.grf.validation_bench;pathlib,,KEEP,HIGH,"test, experiment, fixture, or benchmark"
reference/python/tests/grf/test_grf_ledger_append_only.py,py,reference/python/tests/grf,LAB,,ACTIVE,development_or_reference,development-only results,candidate,__future__;grf_runtime_fixture;nollm.grf.ledger;nollm.grf.storage;pytest,,KEEP,HIGH,"test, experiment, fixture, or benchmark"
reference/python/tests/grf/test_grf_migration_boundary_no_legacy_imports.py,py,reference/python/tests/grf,LAB,,ACTIVE,development_or_reference,development-only results,candidate,__future__;ast;nollm.grf.importers;pathlib,,KEEP,HIGH,"test, experiment, fixture, or benchmark"
reference/python/tests/grf/test_grf_openclaw_bridge.py,py,reference/python/tests/grf,LAB,,ACTIVE,development_or_reference,development-only results,candidate,__future__;nollm.grf.openclaw_bridge,,KEEP,HIGH,"test, experiment, fixture, or benchmark"
reference/python/tests/grf/test_grf_placement_protocol.py,py,reference/python/tests/grf,LAB,,ACTIVE,development_or_reference,development-only results,candidate,__future__;nollm.grf.cell_address;nollm.grf.placement_protocol;pytest,,KEEP,HIGH,"test, experiment, fixture, or benchmark"
reference/python/tests/grf/test_grf_recall_digest_replay.py,py,reference/python/tests/grf,LAB,,ACTIVE,development_or_reference,development-only results,candidate,__future__;grf_runtime_fixture;nollm.grf.coverage_template;nollm.grf.recall;nollm.grf.replay;nollm.grf.storage,,KEEP,HIGH,"test, experiment, fixture, or benchmark"
reference/python/tests/grf/test_grf_rejected_stitch_replay.py,py,reference/python/tests/grf,LAB,,ACTIVE,development_or_reference,development-only results,candidate,__future__;nollm.grf.fixed_point;nollm.grf.replay;nollm.grf.stitching;nollm.grf.storage,,KEEP,HIGH,"test, experiment, fixture, or benchmark"
reference/python/tests/grf/test_grf_replay_relation_field.py,py,reference/python/tests/grf,LAB,,ACTIVE,development_or_reference,development-only results,candidate,__future__;grf_runtime_fixture;nollm.grf.bridge_kernel;nollm.grf.fixed_point;nollm.grf.ledger;nollm.grf.replay;nollm.grf.storage,,KEEP,HIGH,"test, experiment, fixture, or benchmark"
reference/python/tests/grf/test_grf_safe_path_encoding.py,py,reference/python/tests/grf,LAB,,ACTIVE,development_or_reference,development-only results,candidate,__future__;nollm.grf.path_encoding;nollm.grf.storage;pytest,,KEEP,HIGH,"test, experiment, fixture, or benchmark"
reference/python/tests/grf/test_grf_scale_validation_1000.py,py,reference/python/tests/grf,LAB,,ACTIVE,development_or_reference,development-only results,candidate,__future__;nollm.grf.scale_validation,,KEEP,HIGH,"test, experiment, fixture, or benchmark"
reference/python/tests/grf/test_grf_source_window_storage.py,py,reference/python/tests/grf,LAB,,ACTIVE,development_or_reference,development-only results,candidate,__future__;nollm.grf.source_window;nollm.grf.storage,,KEEP,HIGH,"test, experiment, fixture, or benchmark"
reference/python/tests/grf/test_grf_stable_serialization_roundtrip.py,py,reference/python/tests/grf,LAB,,ACTIVE,development_or_reference,development-only results,candidate,__future__;grf_runtime_fixture;nollm.grf.json_canonical;nollm.grf.storage;pytest,,KEEP,HIGH,"test, experiment, fixture, or benchmark"
reference/python/tests/grf/test_grf_storage_layout.py,py,reference/python/tests/grf,LAB,,ACTIVE,development_or_reference,development-only results,candidate,__future__;nollm.grf.storage,,KEEP,HIGH,"test, experiment, fixture, or benchmark"
reference/python/tests/grf/test_local_patch_lifecycle.py,py,reference/python/tests/grf,LAB,,ACTIVE,development_or_reference,development-only results,candidate,__future__;nollm.grf.cell_address;nollm.grf.fixed_point;nollm.grf.local_patch;pytest,,KEEP,HIGH,"test, experiment, fixture, or benchmark"
reference/python/tests/grf/test_minimal_admission_record.py,py,reference/python/tests/grf,LAB,,ACTIVE,development_or_reference,development-only results,candidate,__future__;json;nollm.grf.admission;nollm.grf.cell_address;nollm.grf.placement,,KEEP,HIGH,"test, experiment, fixture, or benchmark"
reference/python/tests/grf/test_placement_evidence_fallback.py,py,reference/python/tests/grf,LAB,,ACTIVE,development_or_reference,development-only results,candidate,__future__;nollm.grf.cell_address;nollm.grf.placement;pytest,,KEEP,HIGH,"test, experiment, fixture, or benchmark"
reference/python/tests/grf/test_profile_registry.py,py,reference/python/tests/grf,LAB,,ACTIVE,development_or_reference,development-only results,candidate,__future__;nollm.grf.profiles;pytest,,KEEP,HIGH,"test, experiment, fixture, or benchmark"
reference/python/tests/grf/test_rejection_record.py,py,reference/python/tests/grf,LAB,,ACTIVE,development_or_reference,development-only results,candidate,__future__;nollm.grf.placement;pytest,,KEEP,HIGH,"test, experiment, fixture, or benchmark"
reference/python/tests/grf/test_relation_field_runtime.py,py,reference/python/tests/grf,LAB,,ACTIVE,development_or_reference,development-only results,candidate,__future__;grf_runtime_fixture;inspect;nollm.grf.coverage_template;nollm.grf.fixed_point;nollm.grf.propagation;nollm.grf.relation_field,,KEEP,HIGH,"test, experiment, fixture, or benchmark"
reference/python/tests/grf/test_residual_semantics.py,py,reference/python/tests/grf,LAB,,ACTIVE,development_or_reference,development-only results,candidate,__future__;nollm.grf.coverage_template,,KEEP,HIGH,"test, experiment, fixture, or benchmark"
reference/python/tests/grf/test_runtime_no_float_exact_profile.py,py,reference/python/tests/grf,LAB,,ACTIVE,development_or_reference,development-only results,candidate,__future__;inspect;nollm.grf.cell_address;nollm.grf.coverage_template,,KEEP,HIGH,"test, experiment, fixture, or benchmark"
reference/python/tests/grf/test_runtime_no_polygon.py,py,reference/python/tests/grf,LAB,,ACTIVE,development_or_reference,development-only results,candidate,__future__;inspect;nollm.grf.coverage_template,,KEEP,HIGH,"test, experiment, fixture, or benchmark"
reference/python/tests/grf/test_sparse_activation.py,py,reference/python/tests/grf,LAB,,ACTIVE,development_or_reference,development-only results,candidate,__future__;nollm.grf.cell_address;nollm.grf.fixed_point;nollm.grf.propagation,,KEEP,HIGH,"test, experiment, fixture, or benchmark"
reference/python/tests/grf/test_sparse_kernel_fanout.py,py,reference/python/tests/grf,LAB,,ACTIVE,development_or_reference,development-only results,candidate,__future__;nollm.grf.cell_address;nollm.grf.coverage_template;pytest,,KEEP,HIGH,"test, experiment, fixture, or benchmark"
reference/python/tests/grf/test_stitch_proposal_lifecycle.py,py,reference/python/tests/grf,LAB,,ACTIVE,development_or_reference,development-only results,candidate,__future__;nollm.grf.bridge_kernel;nollm.grf.fixed_point;nollm.grf.stitching;pytest,,KEEP,HIGH,"test, experiment, fixture, or benchmark"
reference/python/tests/grf/test_stitch_rejects_false_friend.py,py,reference/python/tests/grf,LAB,,ACTIVE,development_or_reference,development-only results,candidate,__future__;nollm.grf.fixed_point;nollm.grf.stitching,,KEEP,HIGH,"test, experiment, fixture, or benchmark"
reference/python/tests/m0/test_module_ports.py,py,reference/python/tests/m0,LAB,,ACTIVE,development_or_reference,development-only results,candidate,__future__;json;nollm_core;nollm_snapshot;nollm_trace;pathlib;pytest;sys,,KEEP,HIGH,"test, experiment, fixture, or benchmark"
reference/python/tests/m0/test_package_imports.py,py,reference/python/tests/m0,LAB,,ACTIVE,development_or_reference,development-only results,candidate,__future__;importlib;pathlib;sys,,KEEP,HIGH,"test, experiment, fixture, or benchmark"
reference/python/tests/subprocess_harness.py,py,reference/python/tests,LAB,,ACTIVE,development_or_reference,development-only results,candidate,__future__;dataclasses;os;pathlib;signal;subprocess;tempfile;time,,KEEP,HIGH,"test, experiment, fixture, or benchmark"
reference/python/tests/test_annotations.py,py,reference/python/tests,LAB,,ACTIVE,development_or_reference,development-only results,candidate,__future__;contextlib;io;json;nollm.cli;nollm.filesystem;nollm.tool_api;nollm.validation;pathlib;tempfile;test_write_read;unittest,,KEEP,HIGH,"test, experiment, fixture, or benchmark"
reference/python/tests/test_architecture_language.py,py,reference/python/tests,LAB,,ACTIVE,development_or_reference,development-only results,candidate,__future__;pathlib;unittest,,KEEP,HIGH,"test, experiment, fixture, or benchmark"
reference/python/tests/test_archive_manifest.py,py,reference/python/tests,LAB,,ACTIVE,development_or_reference,development-only results,candidate,__future__;nollm.archive_manifest,,KEEP,HIGH,"test, experiment, fixture, or benchmark"
reference/python/tests/test_archive_snapshot.py,py,reference/python/tests,LAB,,ACTIVE,development_or_reference,development-only results,candidate,__future__;json;nollm.archive;nollm.archive_manifest;pathlib;pytest,,KEEP,HIGH,"test, experiment, fixture, or benchmark"
reference/python/tests/test_audit.py,py,reference/python/tests,LAB,,ACTIVE,development_or_reference,development-only results,candidate,__future__;cli_harness;contextlib;io;json;nollm.audit;nollm.cli;nollm.filesystem;pathlib;shutil;subprocess_harness;tempfile;test_write_read;unittest,,KEEP,HIGH,"test, experiment, fixture, or benchmark"
reference/python/tests/test_ba1_batch_admission_coordinator.py,py,reference/python/tests,LAB,,ACTIVE,development_or_reference,development-only results,candidate,__future__;ast;dataclasses;nollm.dream_geometry.admission;nollm.dream_geometry.admission.errors;nollm.dream_geometry.batch_admission;nollm.dream_geometry.capture;nollm.dream_geometry.cortex;pathlib;pytest;tests.fixtures.ba1.fixture,,KEEP,HIGH,"test, experiment, fixture, or benchmark"
reference/python/tests/test_ba1_batch_admission_report_regeneration.py,py,reference/python/tests,LAB,,ACTIVE,development_or_reference,development-only results,candidate,__future__;pathlib;validation.ba1.run_ba1_batch_admission,,KEEP,HIGH,"test, experiment, fixture, or benchmark"
reference/python/tests/test_chart_gluing.py,py,reference/python/tests,LAB,,ACTIVE,development_or_reference,development-only results,candidate,__future__;ast;nollm.chart_gluing;nollm.geometry;pathlib;unittest,,KEEP,HIGH,"test, experiment, fixture, or benchmark"
reference/python/tests/test_ci1_capture_ingress.py,py,reference/python/tests,LAB,,ACTIVE,development_or_reference,development-only results,candidate,__future__;dataclasses;hashlib;nollm.dream_geometry.capture;nollm.dream_geometry.evidence;nollm.dream_geometry.protocol.contracts;pathlib;pytest,,KEEP,HIGH,"test, experiment, fixture, or benchmark"
reference/python/tests/test_ci1_capture_policy.py,py,reference/python/tests,LAB,,ACTIVE,development_or_reference,development-only results,candidate,__future__;dataclasses;json;nollm.dream_geometry.capture;nollm.dream_geometry.evidence;nollm.dream_geometry.protocol.contracts;pytest,,KEEP,HIGH,"test, experiment, fixture, or benchmark"
reference/python/tests/test_ci1_capture_visibility.py,py,reference/python/tests,LAB,,ACTIVE,development_or_reference,development-only results,candidate,__future__;ast;dataclasses;nollm.dream_geometry.capture;nollm.dream_geometry.evidence;nollm.dream_geometry.protocol.contracts;pathlib;pytest,,KEEP,HIGH,"test, experiment, fixture, or benchmark"
reference/python/tests/test_cluster_pressure.py,py,reference/python/tests,LAB,,ACTIVE,development_or_reference,development-only results,candidate,__future__;nollm.cluster_pressure;nollm.dream_placement;nollm.geometry;unittest,,KEEP,HIGH,"test, experiment, fixture, or benchmark"
reference/python/tests/test_companion_native_memory.py,py,reference/python/tests,LAB,,ACTIVE,development_or_reference,development-only results,candidate,__future__;json;nollm.companion_memory_store;nollm.openclaw_memory_adapter;pathlib;pytest;subprocess;subprocess_harness;sys;threading,,KEEP,HIGH,"test, experiment, fixture, or benchmark"
reference/python/tests/test_context_boundary.py,py,reference/python/tests,LAB,,ACTIVE,development_or_reference,development-only results,candidate,__future__;json;pathlib,,KEEP,HIGH,"test, experiment, fixture, or benchmark"
reference/python/tests/test_cortex.py,py,reference/python/tests,LAB,,ACTIVE,development_or_reference,development-only results,candidate,__future__;contextlib;io;json;nollm.cli;nollm.filesystem;pathlib;tempfile;test_write_read;unittest,,KEEP,HIGH,"test, experiment, fixture, or benchmark"
reference/python/tests/test_coverage.py,py,reference/python/tests,LAB,,ACTIVE,development_or_reference,development-only results,candidate,__future__;json;nollm.archive;nollm.coverage;nollm.source_spans;pathlib,,KEEP,HIGH,"test, experiment, fixture, or benchmark"
reference/python/tests/test_cx1_capture_deferred_visibility_validation.py,py,reference/python/tests,LAB,,ACTIVE,development_or_reference,development-only results,candidate,__future__;ast;dataclasses;hashlib;json;nollm.dream_geometry.capture;nollm.dream_geometry.evidence;nollm.dream_geometry.protocol.contracts;pathlib;pytest,,KEEP,HIGH,"test, experiment, fixture, or benchmark"
reference/python/tests/test_cx2_cortex_action_plan.py,py,reference/python/tests,LAB,,ACTIVE,development_or_reference,development-only results,candidate,__future__;dataclasses;nollm.dream_geometry.validation.cx2.fixtures;nollm.dream_geometry.validation.cx2.types;nollm.dream_geometry.validation.cx2.validator,,KEEP,HIGH,"test, experiment, fixture, or benchmark"
reference/python/tests/test_cx2_cortex_plan_boundaries.py,py,reference/python/tests,LAB,,ACTIVE,development_or_reference,development-only results,candidate,__future__;ast;nollm.dream_geometry.validation.cx2.fixtures;nollm.dream_geometry.validation.cx2.types;nollm.dream_geometry.validation.cx2.validator;pathlib,,KEEP,HIGH,"test, experiment, fixture, or benchmark"
reference/python/tests/test_cx2_cortex_report_regeneration.py,py,reference/python/tests,LAB,,ACTIVE,development_or_reference,development-only results,candidate,__future__;hashlib;json;nollm.dream_geometry.validation.cx2.validator;os;pathlib;re;subprocess;sys,,KEEP,HIGH,"test, experiment, fixture, or benchmark"
reference/python/tests/test_d9_audit_history_reevaluation.py,py,reference/python/tests,LAB,,ACTIVE,development_or_reference,development-only results,candidate,__future__;pathlib;unittest,,KEEP,HIGH,"test, experiment, fixture, or benchmark"
reference/python/tests/test_da1_memory_admission.py,py,reference/python/tests,LAB,,ACTIVE,development_or_reference,development-only results,candidate,__future__;dataclasses;json;nollm.dream_geometry.admission;nollm.dream_geometry.admission.errors;nollm.dream_geometry.admission.types;nollm.dream_geometry.cortex;nollm.dream_geometry.evidence;nollm.dream_geometry.field;nollm.dream_geometry.geometry;nollm.dream_geometry.geometry.transform;nollm.dream_geometry.protocol.contracts;pytest;tests.fixtures.da1.fixture,,KEEP,HIGH,"test, experiment, fixture, or benchmark"
reference/python/tests/test_da1_report_regeneration.py,py,reference/python/tests,LAB,,ACTIVE,development_or_reference,development-only results,candidate,nollm.dream_geometry.validation.da1_memory_admission_report;pathlib,,KEEP,HIGH,"test, experiment, fixture, or benchmark"
reference/python/tests/test_dc1_cortex_compiler.py,py,reference/python/tests,LAB,,ACTIVE,development_or_reference,development-only results,candidate,__future__;hashlib;json;nollm.dream_geometry.cortex;nollm.dream_geometry.cortex.store;nollm.dream_geometry.evidence;nollm.dream_geometry.protocol.contracts;nollm.dream_geometry.validation.dc1_cortex_report;pathlib;pytest,,KEEP,HIGH,"test, experiment, fixture, or benchmark"
reference/python/tests/test_de1_boundaries.py,py,reference/python/tests,LAB,,ACTIVE,development_or_reference,development-only results,candidate,ast;importlib;pathlib;sys,,KEEP,HIGH,"test, experiment, fixture, or benchmark"
reference/python/tests/test_de1_memory_substrate.py,py,reference/python/tests,LAB,,ACTIVE,development_or_reference,development-only results,candidate,__future__;hashlib;json;nollm.dream_geometry.evidence;nollm.dream_geometry.protocol.contracts;pytest,,KEEP,HIGH,"test, experiment, fixture, or benchmark"
reference/python/tests/test_df1_dr1_recall_universe_contract.py,py,reference/python/tests,LAB,,ACTIVE,development_or_reference,development-only results,candidate,__future__;dataclasses;nollm.dream_geometry.assembly;nollm.dream_geometry.assembly.builder;nollm.dream_geometry.assembly.errors;nollm.dream_geometry.cortex;nollm.dream_geometry.geometry.types;nollm.dream_geometry.recall;pathlib;pytest;tests.fixtures.df1_assembly.fixture,,KEEP,HIGH,"test, experiment, fixture, or benchmark"
reference/python/tests/test_df1_field_snapshot_assembly.py,py,reference/python/tests,LAB,,ACTIVE,development_or_reference,development-only results,candidate,__future__;dataclasses;nollm.dream_geometry.admission;nollm.dream_geometry.admission.types;nollm.dream_geometry.assembly;nollm.dream_geometry.assembly.errors;nollm.dream_geometry.geometry;nollm.dream_geometry.recall;pytest;tests.fixtures.df1_assembly.fixture,,KEEP,HIGH,"test, experiment, fixture, or benchmark"
reference/python/tests/test_dg0_v2_dependency_firewall.py,py,reference/python/tests,LAB,,ACTIVE,development_or_reference,development-only results,candidate,ast;dataclasses;nollm.dream_geometry.protocol.contracts;nollm.dream_geometry.protocol.dependency_rules;pathlib,,KEEP,HIGH,"test, experiment, fixture, or benchmark"
reference/python/tests/test_dg0_v2_module_boundaries.py,py,reference/python/tests,LAB,,ACTIVE,development_or_reference,development-only results,candidate,builtins;importlib;io;os;pathlib;socket;subprocess;subprocess_harness;sys;urllib.request,,KEEP,HIGH,"test, experiment, fixture, or benchmark"
reference/python/tests/test_dg0_v2_protocol_contracts.py,py,reference/python/tests,LAB,,ACTIVE,development_or_reference,development-only results,candidate,dataclasses;inspect;nollm.dream_geometry.protocol;nollm.dream_geometry.protocol.contracts,,KEEP,HIGH,"test, experiment, fixture, or benchmark"
reference/python/tests/test_dg1_anti_resonance_metrics.py,py,reference/python/tests,LAB,,ACTIVE,development_or_reference,development-only results,candidate,math;nollm.dream_geometry.geometry.chart;nollm.dream_geometry.geometry.coverage;nollm.dream_geometry.geometry.hexgrid;nollm.dream_geometry.geometry.metrics;nollm.dream_geometry.geometry.schedules;nollm.dream_geometry.geometry.types;nollm.dream_geometry.validation;nollm.dream_geometry.validation.dg1_baseline_report;pytest,,KEEP,HIGH,"test, experiment, fixture, or benchmark"
reference/python/tests/test_dg1_chart_transforms.py,py,reference/python/tests,LAB,,ACTIVE,development_or_reference,development-only results,candidate,math;nollm.dream_geometry.geometry.transform;nollm.dream_geometry.geometry.types;pytest,,KEEP,HIGH,"test, experiment, fixture, or benchmark"
reference/python/tests/test_dg1_coverage_kernels.py,py,reference/python/tests,LAB,,ACTIVE,development_or_reference,development-only results,candidate,math;nollm.dream_geometry.geometry.chart;nollm.dream_geometry.geometry.coverage;nollm.dream_geometry.geometry.hexgrid;nollm.dream_geometry.geometry.types;pytest,,KEEP,HIGH,"test, experiment, fixture, or benchmark"
reference/python/tests/test_dg1_hex_coordinates.py,py,reference/python/tests,LAB,,ACTIVE,development_or_reference,development-only results,candidate,math;nollm.dream_geometry.geometry.chart;nollm.dream_geometry.geometry.hexgrid;nollm.dream_geometry.geometry.types;pytest,,KEEP,HIGH,"test, experiment, fixture, or benchmark"
reference/python/tests/test_dg1_local_charts.py,py,reference/python/tests,LAB,,ACTIVE,development_or_reference,development-only results,candidate,math;nollm.dream_geometry.geometry.chart;nollm.dream_geometry.geometry.polygon;nollm.dream_geometry.geometry.types,,KEEP,HIGH,"test, experiment, fixture, or benchmark"
reference/python/tests/test_dg1_partition_discipline.py,py,reference/python/tests,LAB,,ACTIVE,development_or_reference,development-only results,candidate,nollm.dream_geometry.geometry.chart;nollm.dream_geometry.geometry.coverage;nollm.dream_geometry.geometry.types;pytest,,KEEP,HIGH,"test, experiment, fixture, or benchmark"
reference/python/tests/test_dg1_polygon_overlap.py,py,reference/python/tests,LAB,,ACTIVE,development_or_reference,development-only results,candidate,math;nollm.dream_geometry.geometry.chart;nollm.dream_geometry.geometry.hexgrid;nollm.dream_geometry.geometry.polygon;nollm.dream_geometry.geometry.types;random,,KEEP,HIGH,"test, experiment, fixture, or benchmark"
reference/python/tests/test_dg1_purity_and_dependencies.py,py,reference/python/tests,LAB,,ACTIVE,development_or_reference,development-only results,candidate,ast;importlib;pathlib,,KEEP,HIGH,"test, experiment, fixture, or benchmark"
reference/python/tests/test_dg2_compaction.py,py,reference/python/tests,LAB,,ACTIVE,development_or_reference,development-only results,candidate,dataclasses;nollm.dream_geometry.field;nollm.dream_geometry.field.types;nollm.dream_geometry.protocol.contracts;pytest;tests.test_dg2_cover_lifecycle,,KEEP,HIGH,"test, experiment, fixture, or benchmark"
reference/python/tests/test_dg2_cover_lifecycle.py,py,reference/python/tests,LAB,,ACTIVE,development_or_reference,development-only results,candidate,dataclasses;nollm.dream_geometry.field;nollm.dream_geometry.field.types;nollm.dream_geometry.geometry.chart;nollm.dream_geometry.geometry.types;nollm.dream_geometry.protocol.contracts;pytest,,KEEP,HIGH,"test, experiment, fixture, or benchmark"
reference/python/tests/test_dg2_field_boundaries.py,py,reference/python/tests,LAB,,ACTIVE,development_or_reference,development-only results,candidate,ast;importlib;pathlib,,KEEP,HIGH,"test, experiment, fixture, or benchmark"
reference/python/tests/test_dg2_gravity_snapshot.py,py,reference/python/tests,LAB,,ACTIVE,development_or_reference,development-only results,candidate,dataclasses;nollm.dream_geometry.field;nollm.dream_geometry.geometry.chart;nollm.dream_geometry.geometry.types;nollm.dream_geometry.protocol.contracts;pytest;tests.test_dg2_cover_lifecycle,,KEEP,HIGH,"test, experiment, fixture, or benchmark"
reference/python/tests/test_dg2_trace_propagation.py,py,reference/python/tests,LAB,,ACTIVE,development_or_reference,development-only results,candidate,dataclasses;nollm.dream_geometry.field;nollm.dream_geometry.geometry.chart;nollm.dream_geometry.geometry.coverage;nollm.dream_geometry.geometry.hexgrid;nollm.dream_geometry.geometry.transform;nollm.dream_geometry.geometry.types;nollm.dream_geometry.protocol.contracts;pytest,,KEEP,HIGH,"test, experiment, fixture, or benchmark"
reference/python/tests/test_dg5_compression_integrity.py,py,reference/python/tests,LAB,,ACTIVE,development_or_reference,development-only results,candidate,__future__;ast;dataclasses;nollm.dream_geometry.compression;nollm.dream_geometry.compression.fingerprint;nollm.dream_geometry.compression.types;nollm.dream_geometry.compression.view;nollm.dream_geometry.field.types;pathlib;pytest;tests.fixtures.dg5.fixture,,KEEP,HIGH,"test, experiment, fixture, or benchmark"
reference/python/tests/test_dg5_compression_report_regeneration.py,py,reference/python/tests,LAB,,ACTIVE,development_or_reference,development-only results,candidate,__future__;pathlib;subprocess;sys,,KEEP,HIGH,"test, experiment, fixture, or benchmark"
reference/python/tests/test_dg5_compression_view.py,py,reference/python/tests,LAB,,ACTIVE,development_or_reference,development-only results,candidate,__future__;nollm.dream_geometry.compression;nollm.dream_geometry.compression.fingerprint;nollm.dream_geometry.compression.view;os;pathlib;tests.fixtures.dg5.fixture,,KEEP,HIGH,"test, experiment, fixture, or benchmark"
reference/python/tests/test_dg5_evidence_preserving_compression.py,py,reference/python/tests,LAB,,ACTIVE,development_or_reference,development-only results,candidate,__future__;dataclasses;nollm.dream_geometry.compression;nollm.dream_geometry.compression.view;pytest;tests.fixtures.dg5.fixture,,KEEP,HIGH,"test, experiment, fixture, or benchmark"
reference/python/tests/test_dg6_snapshot_compaction_adapter.py,py,reference/python/tests,LAB,,ACTIVE,development_or_reference,development-only results,candidate,__future__;nollm.dream_geometry.adapters.snapshot_compaction;os;pathlib;tests.fixtures.dg6.fixture;tests.fixtures.dx2.fixture,,KEEP,HIGH,"test, experiment, fixture, or benchmark"
reference/python/tests/test_dg6_snapshot_compaction_integrity.py,py,reference/python/tests,LAB,,ACTIVE,development_or_reference,development-only results,candidate,__future__;ast;dataclasses;hashlib;nollm.dream_geometry.adapters.snapshot_compaction;nollm.dream_geometry.assembly.types;nollm.dream_geometry.field.types;os;pathlib;pytest;tests.fixtures.dg6.fixture;tests.fixtures.dx2.fixture,,KEEP,HIGH,"test, experiment, fixture, or benchmark"
reference/python/tests/test_dg6_snapshot_compaction_report_regeneration.py,py,reference/python/tests,LAB,,ACTIVE,development_or_reference,development-only results,candidate,__future__;pathlib;subprocess;sys;validation.dg6.run_dg6_validation,,KEEP,HIGH,"test, experiment, fixture, or benchmark"
reference/python/tests/test_dg7_runtime_boundaries.py,py,reference/python/tests,LAB,,ACTIVE,development_or_reference,development-only results,candidate,__future__;ast;json;pathlib;subprocess;sys,,KEEP,HIGH,"test, experiment, fixture, or benchmark"
reference/python/tests/test_dg7_runtime_positive_verification.py,py,reference/python/tests,LAB,,ACTIVE,development_or_reference,development-only results,candidate,__future__;dataclasses;json;nollm.dream_geometry.validation.dg7;nollm.dream_geometry.validation.dg7.runner;pytest,,KEEP,HIGH,"test, experiment, fixture, or benchmark"
reference/python/tests/test_dg7_runtime_receipt_regeneration.py,py,reference/python/tests,LAB,,ACTIVE,development_or_reference,development-only results,candidate,__future__;hashlib;pathlib;subprocess;sys,,KEEP,HIGH,"test, experiment, fixture, or benchmark"
reference/python/tests/test_di1_integration_shell_boundaries.py,py,reference/python/tests,LAB,,ACTIVE,development_or_reference,development-only results,candidate,__future__;ast;nollm.dream_geometry.adapters;nollm.dream_geometry.validation.di1_integration_fixture;pathlib;subprocess_harness,,KEEP,HIGH,"test, experiment, fixture, or benchmark"
reference/python/tests/test_di1_integration_shell_contract.py,py,reference/python/tests,LAB,,ACTIVE,development_or_reference,development-only results,candidate,__future__;dataclasses;nollm.dream_geometry.adapters;nollm.dream_geometry.recall;nollm.dream_geometry.validation.di1_integration_fixture;nollm.dream_geometry.validation.dr1_fixture,,KEEP,HIGH,"test, experiment, fixture, or benchmark"
reference/python/tests/test_di1_integration_shell_determinism.py,py,reference/python/tests,LAB,,ACTIVE,development_or_reference,development-only results,candidate,__future__;dataclasses;json;nollm.dream_geometry.adapters;nollm.dream_geometry.validation.di1_integration_fixture,,KEEP,HIGH,"test, experiment, fixture, or benchmark"
reference/python/tests/test_di1_integration_shell_public_view.py,py,reference/python/tests,LAB,,ACTIVE,development_or_reference,development-only results,candidate,__future__;dataclasses;json;nollm.dream_geometry.adapters;nollm.dream_geometry.evidence;nollm.dream_geometry.protocol.contracts;nollm.dream_geometry.recall;nollm.dream_geometry.validation.di1_integration_fixture;nollm.dream_geometry.validation.dr1_fixture,,KEEP,HIGH,"test, experiment, fixture, or benchmark"
reference/python/tests/test_di1_integration_shell_read_only.py,py,reference/python/tests,LAB,,ACTIVE,development_or_reference,development-only results,candidate,__future__;hashlib;json;nollm.dream_geometry.adapters;nollm.dream_geometry.validation.di1_integration_fixture;pathlib,,KEEP,HIGH,"test, experiment, fixture, or benchmark"
reference/python/tests/test_dr1_01_closure.py,py,reference/python/tests,LAB,,ACTIVE,development_or_reference,development-only results,candidate,dataclasses;fixtures.dr1_recall.fixture;nollm.dream_geometry.cortex.types;nollm.dream_geometry.evidence;nollm.dream_geometry.field.types;nollm.dream_geometry.geometry.chart;nollm.dream_geometry.geometry.coverage;nollm.dream_geometry.geometry.types;nollm.dream_geometry.protocol.contracts;nollm.dream_geometry.recall;nollm.dream_geometry.recall.types;pytest,,KEEP,HIGH,"test, experiment, fixture, or benchmark"
reference/python/tests/test_dr1_coverage_and_gravity.py,py,reference/python/tests,LAB,,ACTIVE,development_or_reference,development-only results,candidate,fixtures.dr1_recall.fixture;nollm.dream_geometry.recall,,KEEP,HIGH,"test, experiment, fixture, or benchmark"
reference/python/tests/test_dr1_cross_module_contracts.py,py,reference/python/tests,LAB,,ACTIVE,development_or_reference,development-only results,candidate,fixtures.dr1_recall.fixture;nollm.dream_geometry.evidence;nollm.dream_geometry.recall,,KEEP,HIGH,"test, experiment, fixture, or benchmark"
reference/python/tests/test_dr1_evidence_qualification.py,py,reference/python/tests,LAB,,ACTIVE,development_or_reference,development-only results,candidate,fixtures.dr1_recall.fixture;nollm.dream_geometry.protocol.contracts;nollm.dream_geometry.recall,,KEEP,HIGH,"test, experiment, fixture, or benchmark"
reference/python/tests/test_dr1_exact_projection.py,py,reference/python/tests,LAB,,ACTIVE,development_or_reference,development-only results,candidate,fixtures.dr1_recall.fixture;nollm.dream_geometry.recall,,KEEP,HIGH,"test, experiment, fixture, or benchmark"
reference/python/tests/test_dr1_legacy_and_boundaries.py,py,reference/python/tests,LAB,,ACTIVE,development_or_reference,development-only results,candidate,ast;fixtures.dr1_recall.fixture;nollm.dream_geometry.recall;pathlib,,KEEP,HIGH,"test, experiment, fixture, or benchmark"
reference/python/tests/test_dr1_relative_time.py,py,reference/python/tests,LAB,,ACTIVE,development_or_reference,development-only results,candidate,fixtures.dr1_recall.fixture;nollm.dream_geometry.recall,,KEEP,HIGH,"test, experiment, fixture, or benchmark"
reference/python/tests/test_dream_checks_manifest.py,py,reference/python/tests,LAB,,ACTIVE,development_or_reference,development-only results,candidate,__future__;json;nollm.dream_checks_manifest;pathlib;shutil;subprocess_harness;sys;tempfile;unittest,,KEEP,HIGH,"test, experiment, fixture, or benchmark"
reference/python/tests/test_dream_corpus_dry_run.py,py,reference/python/tests,LAB,,ACTIVE,development_or_reference,development-only results,candidate,__future__;json;nollm.dream_corpus_dry_run;pathlib;subprocess_harness;sys;tempfile;unittest,,KEEP,HIGH,"test, experiment, fixture, or benchmark"
reference/python/tests/test_dream_cortex_recall_spine.py,py,reference/python/tests,LAB,,ACTIVE,development_or_reference,development-only results,candidate,__future__;copy;json;nollm.dream_cortex_recall;nollm.openclaw_active_memory_config;pathlib;pytest;run_openclaw_nollm_dreamer;shutil;subprocess_harness;sys;typing,,KEEP,HIGH,"test, experiment, fixture, or benchmark"
reference/python/tests/test_dream_experiment_batch.py,py,reference/python/tests,LAB,,ACTIVE,development_or_reference,development-only results,candidate,__future__;json;nollm.dream_experiment_batch;pathlib;subprocess_harness;sys;tempfile;unittest,,KEEP,HIGH,"test, experiment, fixture, or benchmark"
reference/python/tests/test_dream_geometry_pipeline.py,py,reference/python/tests,LAB,,ACTIVE,development_or_reference,development-only results,candidate,__future__;nollm.cluster_pressure;nollm.dream_placement;nollm.dream_shard;nollm.geometry;nollm.parameter_experiments;nollm.scale_scan_traversal;unittest,,KEEP,HIGH,"test, experiment, fixture, or benchmark"
reference/python/tests/test_dream_golden_regression.py,py,reference/python/tests,LAB,,ACTIVE,development_or_reference,development-only results,candidate,__future__;json;nollm.dream_golden_regression;pathlib;shutil;subprocess_harness;sys;tempfile;unittest,,KEEP,HIGH,"test, experiment, fixture, or benchmark"
reference/python/tests/test_dream_pipeline_runner.py,py,reference/python/tests,LAB,,ACTIVE,development_or_reference,development-only results,candidate,__future__;json;nollm.dream_pipeline;pathlib;subprocess_harness;sys;tempfile;unittest,,KEEP,HIGH,"test, experiment, fixture, or benchmark"
reference/python/tests/test_dream_placement.py,py,reference/python/tests,LAB,,ACTIVE,development_or_reference,development-only results,candidate,__future__;nollm.chart_gluing;nollm.dream_placement;nollm.geometry;unittest,,KEEP,HIGH,"test, experiment, fixture, or benchmark"
reference/python/tests/test_dream_regression.py,py,reference/python/tests,LAB,,ACTIVE,development_or_reference,development-only results,candidate,__future__;json;nollm.dream_regression;pathlib;subprocess_harness;sys;tempfile;unittest,,KEEP,HIGH,"test, experiment, fixture, or benchmark"
reference/python/tests/test_dream_shard.py,py,reference/python/tests,LAB,,ACTIVE,development_or_reference,development-only results,candidate,__future__;ast;nollm.dream_shard;pathlib;unittest,,KEEP,HIGH,"test, experiment, fixture, or benchmark"
reference/python/tests/test_dream_suite.py,py,reference/python/tests,LAB,,ACTIVE,development_or_reference,development-only results,candidate,__future__;json;nollm.dream_suite;pathlib;subprocess_harness;sys;tempfile;unittest,,KEEP,HIGH,"test, experiment, fixture, or benchmark"
reference/python/tests/test_dream_triage.py,py,reference/python/tests,LAB,,ACTIVE,development_or_reference,development-only results,candidate,__future__;json;nollm.dream_triage;pathlib;shutil;subprocess_harness;sys;tempfile;unittest,,KEEP,HIGH,"test, experiment, fixture, or benchmark"
reference/python/tests/test_dx1_synthetic_memory_cycle.py,py,reference/python/tests,LAB,,ACTIVE,development_or_reference,development-only results,candidate,__future__;dataclasses;nollm.dream_geometry.adapters;nollm.dream_geometry.protocol.contracts;nollm.dream_geometry.recall;nollm.dream_geometry.validation.dx1_synthetic_cycle_fixture,,KEEP,HIGH,"test, experiment, fixture, or benchmark"
reference/python/tests/test_dx1_synthetic_memory_cycle_boundaries.py,py,reference/python/tests,LAB,,ACTIVE,development_or_reference,development-only results,candidate,__future__;ast;json;nollm.dream_geometry.adapters;nollm.dream_geometry.validation.dx1_synthetic_cycle_fixture;nollm.dream_geometry.validation.dx1_synthetic_cycle_report;pathlib;subprocess_harness,,KEEP,HIGH,"test, experiment, fixture, or benchmark"
reference/python/tests/test_dx1_synthetic_memory_cycle_determinism.py,py,reference/python/tests,LAB,,ACTIVE,development_or_reference,development-only results,candidate,__future__;dataclasses;nollm.dream_geometry.adapters;nollm.dream_geometry.field.types;nollm.dream_geometry.validation.dx1_synthetic_cycle_fixture,,KEEP,HIGH,"test, experiment, fixture, or benchmark"
reference/python/tests/test_dx2_multi_admission_assembly_recall.py,py,reference/python/tests,LAB,,ACTIVE,development_or_reference,development-only results,candidate,__future__;json;nollm.dream_geometry.adapters;nollm.dream_geometry.admission;nollm.dream_geometry.assembly;nollm.dream_geometry.assembly.errors;nollm.dream_geometry.batch_admission;nollm.dream_geometry.capture;nollm.dream_geometry.geometry.types;nollm.dream_geometry.recall;pathlib;pytest;sys;tests.fixtures.dx2.fixture,,KEEP,HIGH,"test, experiment, fixture, or benchmark"
reference/python/tests/test_dx2_multi_admission_assembly_recall_report_regeneration.py,py,reference/python/tests,LAB,,ACTIVE,development_or_reference,development-only results,candidate,__future__;pathlib;re;sys;validation.dx2.run_dx2_multi_admission_assembly_recall,,KEEP,HIGH,"test, experiment, fixture, or benchmark"
reference/python/tests/test_engineering_rc_archive.py,py,reference/python/tests,LAB,,ACTIVE,development_or_reference,development-only results,candidate,__future__;json;nollm.engineering_rc_archive;nollm.engineering_rc_export;pathlib;shutil;subprocess_harness;sys;zipfile,,KEEP,HIGH,"test, experiment, fixture, or benchmark"
reference/python/tests/test_engineering_rc_artifact_hashes.py,py,reference/python/tests,LAB,,ACTIVE,development_or_reference,development-only results,candidate,__future__;json;nollm.engineering_rc_export;pathlib;shutil;subprocess_harness;sys,,KEEP,HIGH,"test, experiment, fixture, or benchmark"
reference/python/tests/test_engineering_rc_export.py,py,reference/python/tests,LAB,,ACTIVE,development_or_reference,development-only results,candidate,__future__;json;nollm.engineering_rc_export;pathlib;subprocess_harness;sys,,KEEP,HIGH,"test, experiment, fixture, or benchmark"
reference/python/tests/test_engineering_rc_final_smoke.py,py,reference/python/tests,LAB,,ACTIVE,development_or_reference,development-only results,candidate,__future__;nollm;nollm.engineering_rc_final_smoke;pathlib,,KEEP,HIGH,"test, experiment, fixture, or benchmark"
reference/python/tests/test_examples.py,py,reference/python/tests,LAB,,ACTIVE,development_or_reference,development-only results,candidate,__future__;ast;cli_harness;json;pathlib;shutil;subprocess_harness;tempfile;unittest,,KEEP,HIGH,"test, experiment, fixture, or benchmark"
reference/python/tests/test_g_series_engineering_closure.py,py,reference/python/tests,LAB,,ACTIVE,development_or_reference,development-only results,candidate,__future__;json;nollm.g_series_engineering_closure;pathlib;subprocess;sys;tempfile;unittest;unittest.mock,,KEEP,HIGH,"test, experiment, fixture, or benchmark"
reference/python/tests/test_gat1_chart_groupoid.py,py,reference/python/tests,LAB,,ACTIVE,development_or_reference,development-only results,candidate,__future__;ast;json;math;nollm.dream_geometry.geometry.schedules;nollm.dream_geometry.geometry.transform;nollm.dream_geometry.geometry.types;pathlib;sys;tests.fixtures.gat1.fixture,,KEEP,HIGH,"test, experiment, fixture, or benchmark"
reference/python/tests/test_gat1_report_regeneration.py,py,reference/python/tests,LAB,,ACTIVE,development_or_reference,development-only results,candidate,__future__;pathlib;sys;validation.gat1.run_gat1_chart_groupoid,,KEEP,HIGH,"test, experiment, fixture, or benchmark"
reference/python/tests/test_gcm1_report_regeneration.py,py,reference/python/tests,LAB,,ACTIVE,development_or_reference,development-only results,candidate,__future__;pathlib;sys;validation.gcm1.run_gcm1_sparse_collision_trace_compaction,,KEEP,HIGH,"test, experiment, fixture, or benchmark"
reference/python/tests/test_gcm1_sparse_collision_trace_compaction.py,py,reference/python/tests,LAB,,ACTIVE,development_or_reference,development-only results,candidate,__future__;ast;json;pathlib;sys;tests.fixtures.gcm1.fixture,,KEEP,HIGH,"test, experiment, fixture, or benchmark"
reference/python/tests/test_geo1_geometry_evidence_consolidation.py,py,reference/python/tests,LAB,,ACTIVE,development_or_reference,development-only results,candidate,__future__;ast;pathlib;pytest;sys;validation.geo1.run_geo1_geometry_evidence_consolidation,,KEEP,HIGH,"test, experiment, fixture, or benchmark"
reference/python/tests/test_geometry.py,py,reference/python/tests,LAB,,ACTIVE,development_or_reference,development-only results,candidate,__future__;ast;math;nollm.geometry;pathlib;unittest,,KEEP,HIGH,"test, experiment, fixture, or benchmark"
reference/python/tests/test_geometry_profiles.py,py,reference/python/tests,LAB,,ACTIVE,development_or_reference,development-only results,candidate,__future__;math;nollm.geometry_profiles;unittest,,KEEP,HIGH,"test, experiment, fixture, or benchmark"
reference/python/tests/test_gkc1_directional_kernel_composition.py,py,reference/python/tests,LAB,,ACTIVE,development_or_reference,development-only results,candidate,__future__;ast;json;nollm.dream_geometry.geometry.schedules;nollm.dream_geometry.geometry.types;pathlib;pytest;sys;tests.fixtures.gkc1.fixture,,KEEP,HIGH,"test, experiment, fixture, or benchmark"
reference/python/tests/test_gkc1_report_regeneration.py,py,reference/python/tests,LAB,,ACTIVE,development_or_reference,development-only results,candidate,__future__;pathlib;pytest;sys;validation.gkc1.run_gkc1_directional_kernel_composition,,KEEP,HIGH,"test, experiment, fixture, or benchmark"
reference/python/tests/test_gkd1_bidirectional_coverage.py,py,reference/python/tests,LAB,,ACTIVE,development_or_reference,development-only results,candidate,__future__;ast;json;nollm.dream_geometry.geometry.coverage;nollm.dream_geometry.geometry.schedules;nollm.dream_geometry.geometry.types;pathlib;pytest;sys;tests.fixtures.gkd1.fixture,,KEEP,HIGH,"test, experiment, fixture, or benchmark"
reference/python/tests/test_gkd1_report_regeneration.py,py,reference/python/tests,LAB,,ACTIVE,development_or_reference,development-only results,candidate,__future__;pathlib;pytest;sys;validation.gkd1.run_gkd1_bidirectional_coverage,,KEEP,HIGH,"test, experiment, fixture, or benchmark"
reference/python/tests/test_gpr1_geometry_profile_regime.py,py,reference/python/tests,LAB,,ACTIVE,development_or_reference,development-only results,candidate,__future__;ast;json;math;nollm.dream_geometry.geometry.schedules;pathlib;sys;tests.fixtures.gpr1.fixture,,KEEP,HIGH,"test, experiment, fixture, or benchmark"
reference/python/tests/test_gpr1_geometry_profile_report_regeneration.py,py,reference/python/tests,LAB,,ACTIVE,development_or_reference,development-only results,candidate,__future__;pathlib;sys;validation.gpr1.run_gpr1_geometry_profile_regime,,KEEP,HIGH,"test, experiment, fixture, or benchmark"
reference/python/tests/test_gra1_report_regeneration.py,py,reference/python/tests,LAB,,ACTIVE,development_or_reference,development-only results,candidate,__future__;pathlib;sys;validation.gra1.run_gra1_rotation_scale_resonance,,KEEP,HIGH,"test, experiment, fixture, or benchmark"
reference/python/tests/test_gra1_rotation_scale_resonance.py,py,reference/python/tests,LAB,,ACTIVE,development_or_reference,development-only results,candidate,__future__;ast;json;nollm.dream_geometry.geometry.schedules;nollm.dream_geometry.geometry.types;pathlib;sys;tests.fixtures.gra1.fixture,,KEEP,HIGH,"test, experiment, fixture, or benchmark"
reference/python/tests/test_gravity.py,py,reference/python/tests,LAB,,ACTIVE,development_or_reference,development-only results,candidate,__future__;math;nollm.gravity;unittest,,KEEP,HIGH,"test, experiment, fixture, or benchmark"
reference/python/tests/test_grc1_report_regeneration.py,py,reference/python/tests,LAB,,ACTIVE,development_or_reference,development-only results,candidate,__future__;pathlib;sys;validation.grc1.run_grc1_resonance_conditioned_coverage,,KEEP,HIGH,"test, experiment, fixture, or benchmark"
reference/python/tests/test_grc1_resonance_conditioned_coverage.py,py,reference/python/tests,LAB,,ACTIVE,development_or_reference,development-only results,candidate,__future__;ast;json;nollm.dream_geometry.geometry.schedules;nollm.dream_geometry.geometry.types;pathlib;sys;tests.fixtures.grc1.fixture,,KEEP,HIGH,"test, experiment, fixture, or benchmark"
reference/python/tests/test_gsc1_report_regeneration.py,py,reference/python/tests,LAB,,ACTIVE,development_or_reference,development-only results,candidate,__future__;pathlib;sys;validation.gsc1.run_gsc1_sparse_shard_scale_coverage,,KEEP,HIGH,"test, experiment, fixture, or benchmark"
reference/python/tests/test_gsc1_sparse_shard_scale_coverage.py,py,reference/python/tests,LAB,,ACTIVE,development_or_reference,development-only results,candidate,__future__;ast;json;math;nollm.dream_geometry.geometry.schedules;nollm.dream_geometry.geometry.types;pathlib;sys;tests.fixtures.gsc1.fixture,,KEEP,HIGH,"test, experiment, fixture, or benchmark"
reference/python/tests/test_gvr1_report_regeneration.py,py,reference/python/tests,LAB,,ACTIVE,development_or_reference,development-only results,candidate,__future__;pathlib;sys;validation.gvr1.run_gvr1_translation_variation,,KEEP,HIGH,"test, experiment, fixture, or benchmark"
reference/python/tests/test_gvr1_translation_variation.py,py,reference/python/tests,LAB,,ACTIVE,development_or_reference,development-only results,candidate,__future__;ast;json;math;nollm.dream_geometry.geometry.metrics;nollm.dream_geometry.geometry.schedules;nollm.dream_geometry.geometry.types;pathlib;sys;tests.fixtures.gvr1.fixture,,KEEP,HIGH,"test, experiment, fixture, or benchmark"
reference/python/tests/test_hag1_file_first_explicit_admission_gateway.py,py,reference/python/tests,LAB,,ACTIVE,development_or_reference,development-only results,candidate,__future__;copy;dataclasses;json;nollm.dream_geometry.admission;nollm.dream_geometry.capture;nollm.dream_geometry.host_admission_gateway;nollm.dream_geometry.host_admission_gateway.gateway;nollm.dream_geometry.host_execution;pytest;subprocess;sys;test_hx1_trusted_host_bridge,,KEEP,HIGH,"test, experiment, fixture, or benchmark"
reference/python/tests/test_hcg1_capture_gateway_boundaries.py,py,reference/python/tests,LAB,,ACTIVE,development_or_reference,development-only results,candidate,__future__;json;os;pathlib;subprocess;sys;test_hcg1_file_first_capture_gateway,,KEEP,HIGH,"test, experiment, fixture, or benchmark"
reference/python/tests/test_hcg1_capture_gateway_cli.py,py,reference/python/tests,LAB,,ACTIVE,development_or_reference,development-only results,candidate,__future__;pathlib,,KEEP,HIGH,"test, experiment, fixture, or benchmark"
reference/python/tests/test_hcg1_file_first_capture_gateway.py,py,reference/python/tests,LAB,,ACTIVE,development_or_reference,development-only results,candidate,__future__;json;os;pathlib;subprocess;sys,,KEEP,HIGH,"test, experiment, fixture, or benchmark"
reference/python/tests/test_history.py,py,reference/python/tests,LAB,,ACTIVE,development_or_reference,development-only results,candidate,__future__;contextlib;io;json;nollm.cli;nollm.filesystem;nollm.tool_api;pathlib;tempfile;test_write_read;unittest,,KEEP,HIGH,"test, experiment, fixture, or benchmark"
reference/python/tests/test_honeycomb.py,py,reference/python/tests,LAB,,ACTIVE,development_or_reference,development-only results,candidate,__future__;nollm.honeycomb;unittest,,KEEP,HIGH,"test, experiment, fixture, or benchmark"
reference/python/tests/test_honeycomb_metadata.py,py,reference/python/tests,LAB,,ACTIVE,development_or_reference,development-only results,candidate,__future__;nollm.cortex;nollm.filesystem;nollm.tool_api;nollm.validation;pathlib;tempfile;test_write_read;unittest,,KEEP,HIGH,"test, experiment, fixture, or benchmark"
reference/python/tests/test_hx1_boundaries.py,py,reference/python/tests,LAB,,ACTIVE,development_or_reference,development-only results,candidate,__future__;dataclasses;nollm.dream_geometry.host_execution;nollm.dream_geometry.host_execution.bindings;pathlib;pytest;shutil;subprocess;test_hx1_trusted_host_bridge,,KEEP,HIGH,"test, experiment, fixture, or benchmark"
reference/python/tests/test_hx1_host_binding_preflight.py,py,reference/python/tests,LAB,,ACTIVE,development_or_reference,development-only results,candidate,__future__;copy;dataclasses;nollm.dream_geometry.host_execution;nollm.dream_geometry.validation.cx2.types;pytest;test_hx1_trusted_host_bridge,,KEEP,HIGH,"test, experiment, fixture, or benchmark"
reference/python/tests/test_hx1_receipt_regeneration.py,py,reference/python/tests,LAB,,ACTIVE,development_or_reference,development-only results,candidate,__future__;dataclasses;hashlib;nollm.dream_geometry.host_execution;nollm.dream_geometry.validation.cx2.types;pytest;test_hx1_trusted_host_bridge,,KEEP,HIGH,"test, experiment, fixture, or benchmark"
reference/python/tests/test_hx1_staged_outcomes.py,py,reference/python/tests,LAB,,ACTIVE,development_or_reference,development-only results,candidate,__future__;dataclasses;nollm.dream_geometry.host_execution;nollm.dream_geometry.host_execution.bridge;nollm.dream_geometry.validation.cx2.types;test_hx1_trusted_host_bridge,,KEEP,HIGH,"test, experiment, fixture, or benchmark"
reference/python/tests/test_hx1_trusted_host_bridge.py,py,reference/python/tests,LAB,,ACTIVE,development_or_reference,development-only results,candidate,__future__;dataclasses;hashlib;json;nollm.dream_geometry.adapters;nollm.dream_geometry.admission;nollm.dream_geometry.batch_admission;nollm.dream_geometry.capture;nollm.dream_geometry.capture.policy;nollm.dream_geometry.cortex;nollm.dream_geometry.evidence;nollm.dream_geometry.geometry;nollm.dream_geometry.host_execution;nollm.dream_geometry.protocol.contracts;nollm.dream_geometry.validation.cx2.types,,KEEP,HIGH,"test, experiment, fixture, or benchmark"
reference/python/tests/test_hxa1_final_acceptance_audit.py,py,reference/python/tests,LAB,,ACTIVE,development_or_reference,development-only results,candidate,__future__;hashlib;validation.hx1.run_hx1_validation,,KEEP,HIGH,"test, experiment, fixture, or benchmark"
reference/python/tests/test_init.py,py,reference/python/tests,LAB,,ACTIVE,development_or_reference,development-only results,candidate,__future__;nollm.cli;nollm.models;pathlib;tempfile;unittest,,KEEP,HIGH,"test, experiment, fixture, or benchmark"
reference/python/tests/test_inspection_semantics.py,py,reference/python/tests,LAB,,ACTIVE,development_or_reference,development-only results,candidate,__future__;json;pathlib,,KEEP,HIGH,"test, experiment, fixture, or benchmark"
reference/python/tests/test_integration_pack.py,py,reference/python/tests,LAB,,ACTIVE,development_or_reference,development-only results,candidate,__future__;json;nollm.tool_api;pathlib;tempfile;test_write_read;unittest,,KEEP,HIGH,"test, experiment, fixture, or benchmark"
reference/python/tests/test_legacy_extract.py,py,reference/python/tests,LAB,,ACTIVE,development_or_reference,development-only results,candidate,__future__;nollm.archive;nollm.legacy_extract;nollm.source_spans;pathlib,,KEEP,HIGH,"test, experiment, fixture, or benchmark"
reference/python/tests/test_legacy_import.py,py,reference/python/tests,LAB,,ACTIVE,development_or_reference,development-only results,candidate,__future__;nollm.archive;nollm.legacy_import;pathlib,,KEEP,HIGH,"test, experiment, fixture, or benchmark"
reference/python/tests/test_local_gate.py,py,reference/python/tests,LAB,,ACTIVE,development_or_reference,development-only results,candidate,__future__;json;nollm.dream_checks_manifest;nollm.dream_triage;nollm.local_gate;pathlib;shutil;subprocess;subprocess_harness;sys;tempfile;unittest;unittest.mock,,KEEP,HIGH,"test, experiment, fixture, or benchmark"
reference/python/tests/test_minimal_ablation_experiment.py,py,reference/python/tests,LAB,,ACTIVE,development_or_reference,development-only results,candidate,__future__;json;nollm.minimal_ablation_experiment;pathlib;subprocess;sys;tempfile;unittest,,KEEP,HIGH,"test, experiment, fixture, or benchmark"
reference/python/tests/test_mode3_trace_experiment.py,py,reference/python/tests,LAB,,ACTIVE,development_or_reference,development-only results,candidate,__future__;json;nollm.gravity;nollm.mode3_trace_experiment;pathlib;subprocess;sys;tempfile;unittest,,KEEP,HIGH,"test, experiment, fixture, or benchmark"
reference/python/tests/test_mt1_cli.py,py,reference/python/tests,LAB,,ACTIVE,development_or_reference,development-only results,candidate,__future__;cli_harness;json;pathlib,,KEEP,HIGH,"test, experiment, fixture, or benchmark"
reference/python/tests/test_mt1_no_legacy_fallback.py,py,reference/python/tests,LAB,,ACTIVE,development_or_reference,development-only results,candidate,__future__;json;nollm.archive;nollm.legacy_import;pathlib,,KEEP,HIGH,"test, experiment, fixture, or benchmark"
reference/python/tests/test_mt1_r10_trust_boundary_closure.py,py,reference/python/tests,LAB,,ACTIVE,development_or_reference,development-only results,candidate,__future__;datetime;json;nollm.archive;nollm.archive_manifest;nollm.legacy_import;nollm.native_field;nollm.provenance;nollm.source_spans;pathlib;pytest;typing,,KEEP,HIGH,"test, experiment, fixture, or benchmark"
reference/python/tests/test_mt1_r11_safe_storage_snapshot_recovery.py,py,reference/python/tests,LAB,,ACTIVE,development_or_reference,development-only results,candidate,__future__;datetime;json;nollm.archive;nollm.archive_manifest;nollm.legacy_import;nollm.native_field;nollm.provenance;nollm.source_spans;os;pathlib;pytest;threading;typing,,KEEP,HIGH,"test, experiment, fixture, or benchmark"
reference/python/tests/test_mt1_r12_operational_safe_storage.py,py,reference/python/tests,LAB,,ACTIVE,development_or_reference,development-only results,candidate,__future__;ast;datetime;json;nollm.archive;nollm.archive_manifest;nollm.coverage;nollm.legacy_extract;nollm.legacy_import;nollm.native_field;nollm.provenance;nollm.safe_storage;nollm.source_spans;os;pathlib;pytest;threading;typing,,KEEP,HIGH,"test, experiment, fixture, or benchmark"
reference/python/tests/test_mt1_r13_capability_storage_archive_transaction.py,py,reference/python/tests,LAB,,ACTIVE,development_or_reference,development-only results,candidate,__future__;ast;datetime;json;nollm.archive;nollm.archive_manifest;nollm.coverage;nollm.legacy_import;nollm.native_field;nollm.provenance;nollm.safe_root;nollm.safe_storage;nollm.source_spans;os;pathlib;pytest;sys;tests.conftest;threading;typing,,KEEP,HIGH,"test, experiment, fixture, or benchmark"
reference/python/tests/test_mt1_r1_evidence_manifest.py,py,reference/python/tests,LAB,,ACTIVE,development_or_reference,development-only results,candidate,__future__,,KEEP,HIGH,"test, experiment, fixture, or benchmark"
reference/python/tests/test_mt1_r1_integrity.py,py,reference/python/tests,LAB,,ACTIVE,development_or_reference,development-only results,candidate,__future__;json;nollm.archive;nollm.archive_manifest;nollm.coverage;nollm.legacy_import;nollm.native_field;nollm.provenance;nollm.source_spans;os;pathlib;pytest,,KEEP,HIGH,"test, experiment, fixture, or benchmark"
reference/python/tests/test_mt1_r2_content_binding.py,py,reference/python/tests,LAB,,ACTIVE,development_or_reference,development-only results,candidate,__future__;json;nollm.archive;nollm.archive_manifest;nollm.legacy_extract;nollm.legacy_import;nollm.legacy_text;nollm.source_spans;pathlib,,KEEP,HIGH,"test, experiment, fixture, or benchmark"
reference/python/tests/test_mt1_r2_publication_truth.py,py,reference/python/tests,LAB,,ACTIVE,development_or_reference,development-only results,candidate,__future__;json;nollm.archive;nollm.archive_manifest;nollm.coverage;nollm.legacy_import;nollm.provenance;pathlib,,KEEP,HIGH,"test, experiment, fixture, or benchmark"
reference/python/tests/test_mt1_r3_verified_publication.py,py,reference/python/tests,LAB,,ACTIVE,development_or_reference,development-only results,candidate,__future__;json;nollm.archive;nollm.archive_manifest;nollm.coverage;nollm.legacy_import;nollm.native_field;nollm.provenance;pathlib,,KEEP,HIGH,"test, experiment, fixture, or benchmark"
reference/python/tests/test_mt1_r4_publication_closure.py,py,reference/python/tests,LAB,,ACTIVE,development_or_reference,development-only results,candidate,__future__;json;nollm.archive;nollm.archive_manifest;nollm.coverage;nollm.legacy_import;nollm.native_field;nollm.provenance;pathlib,,KEEP,HIGH,"test, experiment, fixture, or benchmark"
reference/python/tests/test_mt1_r5_trusted_finalization.py,py,reference/python/tests,LAB,,ACTIVE,development_or_reference,development-only results,candidate,__future__;json;nollm.archive;nollm.archive_manifest;nollm.coverage;nollm.legacy_import;nollm.native_field;nollm.provenance;pathlib;pytest;shutil,,KEEP,HIGH,"test, experiment, fixture, or benchmark"
reference/python/tests/test_mt1_r6_trusted_state_machine.py,py,reference/python/tests,LAB,,ACTIVE,development_or_reference,development-only results,candidate,__future__;json;nollm.archive;nollm.archive_manifest;nollm.legacy_import;nollm.native_field;nollm.provenance;pathlib;pytest,,KEEP,HIGH,"test, experiment, fixture, or benchmark"
reference/python/tests/test_mt1_r7_publication_model.py,py,reference/python/tests,LAB,,ACTIVE,development_or_reference,development-only results,candidate,__future__;json;nollm.archive;nollm.archive_manifest;nollm.legacy_import;nollm.native_field;nollm.provenance;pathlib;pytest;typing,,KEEP,HIGH,"test, experiment, fixture, or benchmark"
reference/python/tests/test_mt1_r8_comprehensive_integrity.py,py,reference/python/tests,LAB,,ACTIVE,development_or_reference,development-only results,candidate,__future__;json;nollm.archive;nollm.archive_manifest;nollm.coverage;nollm.legacy_import;nollm.native_field;nollm.provenance;nollm.source_spans;pathlib;pytest;re;shutil;typing,,KEEP,HIGH,"test, experiment, fixture, or benchmark"
reference/python/tests/test_mt1_r9_archive_trust_boundary.py,py,reference/python/tests,LAB,,ACTIVE,development_or_reference,development-only results,candidate,__future__;json;nollm.archive;nollm.archive_manifest;nollm.legacy_import;nollm.native_field;nollm.path_safety;nollm.provenance;nollm.source_spans;pathlib;pytest;typing,,KEEP,HIGH,"test, experiment, fixture, or benchmark"
reference/python/tests/test_multi_step_coverage.py,py,reference/python/tests,LAB,,ACTIVE,development_or_reference,development-only results,candidate,__future__;math;nollm.multi_step_coverage;unittest,,KEEP,HIGH,"test, experiment, fixture, or benchmark"
reference/python/tests/test_native_field.py,py,reference/python/tests,LAB,,ACTIVE,development_or_reference,development-only results,candidate,__future__;nollm.native_field;pathlib,,KEEP,HIGH,"test, experiment, fixture, or benchmark"
reference/python/tests/test_no_forbidden_features.py,py,reference/python/tests,LAB,,ACTIVE,development_or_reference,development-only results,candidate,__future__;ast;pathlib;unittest,,KEEP,HIGH,"test, experiment, fixture, or benchmark"
reference/python/tests/test_nollm_test_matrix.py,py,reference/python/tests,LAB,,ACTIVE,development_or_reference,development-only results,candidate,__future__;importlib.util;json;pathlib;subprocess;subprocess_harness;sys,,KEEP,HIGH,"test, experiment, fixture, or benchmark"
reference/python/tests/test_nollm_test_shards.py,py,reference/python/tests,LAB,,ACTIVE,development_or_reference,development-only results,candidate,__future__;importlib.util;json;pathlib;subprocess;subprocess_harness;sys,,KEEP,HIGH,"test, experiment, fixture, or benchmark"
reference/python/tests/test_nollm_tq1_delivery_evidence_bundle.py,py,reference/python/tests,LAB,,ACTIVE,development_or_reference,development-only results,candidate,__future__;json;os;pathlib;subprocess;subprocess_harness;sys,,KEEP,HIGH,"test, experiment, fixture, or benchmark"
reference/python/tests/test_ocp3b_evidence_validator.py,py,reference/python/tests,LAB,,ACTIVE,development_or_reference,development-only results,candidate,__future__;hashlib;json;pathlib;scripts.validate_ocp3b_live_e2e_evidence;sys,,KEEP,HIGH,"test, experiment, fixture, or benchmark"
reference/python/tests/test_ocp4_active_memory_config.py,py,reference/python/tests,LAB,,ACTIVE,development_or_reference,development-only results,candidate,__future__;nollm.openclaw_active_memory_config;pathlib,,KEEP,HIGH,"test, experiment, fixture, or benchmark"
reference/python/tests/test_ocp9_live_cortex_reply_loop.py,py,reference/python/tests,LAB,,ACTIVE,development_or_reference,development-only results,candidate,__future__;copy;json;nollm.dream_cortex_recall;nollm.openclaw_active_memory_config;pathlib;shutil;subprocess_harness;sys,,KEEP,HIGH,"test, experiment, fixture, or benchmark"
reference/python/tests/test_offset_sampling.py,py,reference/python/tests,LAB,,ACTIVE,development_or_reference,development-only results,candidate,__future__;nollm.geometry_profiles;nollm.multi_step_coverage;nollm.offset_sampling;unittest,,KEEP,HIGH,"test, experiment, fixture, or benchmark"
reference/python/tests/test_openclaw_active_memory.py,py,reference/python/tests,LAB,,ACTIVE,development_or_reference,development-only results,candidate,__future__;concurrent.futures;hashlib;json;nollm.companion_memory_store;nollm.openclaw_active_memory_adapter;nollm.w2_forensic;os;pathlib;pytest;subprocess_harness;sys;typing,,KEEP,HIGH,"test, experiment, fixture, or benchmark"
reference/python/tests/test_openclaw_active_trial_controller.py,py,reference/python/tests,LAB,,ACTIVE,development_or_reference,development-only results,candidate,__future__;json;os;pathlib;reference.python.scripts.run_openclaw_nollm_active_trial;stat;sys,,KEEP,HIGH,"test, experiment, fixture, or benchmark"
reference/python/tests/test_openclaw_dream_experiment.py,py,reference/python/tests,LAB,,ACTIVE,development_or_reference,development-only results,candidate,__future__;json;nollm.dream_placement;nollm.dream_shard;pathlib;unittest,,KEEP,HIGH,"test, experiment, fixture, or benchmark"
reference/python/tests/test_openclaw_memory_adapter_docs.py,py,reference/python/tests,LAB,,ACTIVE,development_or_reference,development-only results,candidate,__future__;pathlib,,KEEP,HIGH,"test, experiment, fixture, or benchmark"
reference/python/tests/test_openclaw_memory_fixture_parser.py,py,reference/python/tests,LAB,,ACTIVE,development_or_reference,development-only results,candidate,__future__;json;nollm.openclaw_memory_adapter;pathlib;shutil,,KEEP,HIGH,"test, experiment, fixture, or benchmark"
reference/python/tests/test_openclaw_memory_provider_alpha.py,py,reference/python/tests,LAB,,ACTIVE,development_or_reference,development-only results,candidate,__future__;hashlib;json;nollm.openclaw_memory_provider_alpha;pathlib;pytest;sys;tests.conftest,,KEEP,HIGH,"test, experiment, fixture, or benchmark"
reference/python/tests/test_openclaw_nollm_companion_installer.py,py,reference/python/tests,LAB,,ACTIVE,development_or_reference,development-only results,candidate,__future__;json;pathlib;scripts;subprocess;sys,,KEEP,HIGH,"test, experiment, fixture, or benchmark"
reference/python/tests/test_openclaw_nollm_companion_plugin.py,py,reference/python/tests,LAB,,ACTIVE,development_or_reference,development-only results,candidate,__future__;json;pathlib,,KEEP,HIGH,"test, experiment, fixture, or benchmark"
reference/python/tests/test_openclaw_nollm_memory.py,py,reference/python/tests,LAB,,ACTIVE,development_or_reference,development-only results,candidate,__future__;json;nollm.openclaw_memory_adapter;pathlib;shutil;subprocess_harness;sys,,KEEP,HIGH,"test, experiment, fixture, or benchmark"
reference/python/tests/test_openclaw_plugin_readiness_docs.py,py,reference/python/tests,LAB,,ACTIVE,development_or_reference,development-only results,candidate,__future__;pathlib,,KEEP,HIGH,"test, experiment, fixture, or benchmark"
reference/python/tests/test_package_hygiene_script.py,py,reference/python/tests,LAB,,ACTIVE,development_or_reference,development-only results,candidate,__future__;importlib.util;pathlib,,KEEP,HIGH,"test, experiment, fixture, or benchmark"
reference/python/tests/test_parameter_experiments.py,py,reference/python/tests,LAB,,ACTIVE,development_or_reference,development-only results,candidate,__future__;nollm.parameter_experiments;unittest,,KEEP,HIGH,"test, experiment, fixture, or benchmark"
reference/python/tests/test_read_card_tool.py,py,reference/python/tests,LAB,,ACTIVE,development_or_reference,development-only results,candidate,__future__;json;nollm.filesystem;nollm.tool_api;pathlib;tempfile;test_write_read;unittest,,KEEP,HIGH,"test, experiment, fixture, or benchmark"
reference/python/tests/test_recall.py,py,reference/python/tests,LAB,,ACTIVE,development_or_reference,development-only results,candidate,__future__;json;nollm.cli;nollm.models;pathlib;tempfile;test_write_read;unittest,,KEEP,HIGH,"test, experiment, fixture, or benchmark"
reference/python/tests/test_recall_digest_validation.py,py,reference/python/tests,LAB,,ACTIVE,development_or_reference,development-only results,candidate,__future__;json;nollm.validation;pathlib;tempfile;test_write_read;unittest,,KEEP,HIGH,"test, experiment, fixture, or benchmark"
reference/python/tests/test_repository_hygiene.py,py,reference/python/tests,LAB,,ACTIVE,development_or_reference,development-only results,candidate,__future__;conftest;pathlib,,KEEP,HIGH,"test, experiment, fixture, or benchmark"
reference/python/tests/test_reverse_cover.py,py,reference/python/tests,LAB,,ACTIVE,development_or_reference,development-only results,candidate,__future__;nollm.geometry_profiles;nollm.reverse_cover;unittest,,KEEP,HIGH,"test, experiment, fixture, or benchmark"
reference/python/tests/test_review.py,py,reference/python/tests,LAB,,ACTIVE,development_or_reference,development-only results,candidate,__future__;contextlib;io;json;nollm.cli;nollm.filesystem;pathlib;tempfile;unittest,,KEEP,HIGH,"test, experiment, fixture, or benchmark"
reference/python/tests/test_run_tests_runner.py,py,reference/python/tests,LAB,,ACTIVE,development_or_reference,development-only results,candidate,__future__;pathlib,,KEEP,HIGH,"test, experiment, fixture, or benchmark"
reference/python/tests/test_scale_scan_traversal.py,py,reference/python/tests,LAB,,ACTIVE,development_or_reference,development-only results,candidate,__future__;nollm.geometry;nollm.scale_scan_traversal;unittest,,KEEP,HIGH,"test, experiment, fixture, or benchmark"
reference/python/tests/test_source_policy.py,py,reference/python/tests,LAB,,ACTIVE,development_or_reference,development-only results,candidate,__future__;nollm.source_policy;pathlib;pytest,,KEEP,HIGH,"test, experiment, fixture, or benchmark"
reference/python/tests/test_source_spans.py,py,reference/python/tests,LAB,,ACTIVE,development_or_reference,development-only results,candidate,__future__;nollm.archive;nollm.coverage;nollm.source_spans;pathlib,,KEEP,HIGH,"test, experiment, fixture, or benchmark"
reference/python/tests/test_status.py,py,reference/python/tests,LAB,,ACTIVE,development_or_reference,development-only results,candidate,__future__;contextlib;io;nollm.cli;nollm.filesystem;nollm.validation;tempfile;test_write_read;unittest,,KEEP,HIGH,"test, experiment, fixture, or benchmark"
reference/python/tests/test_terminology.py,py,reference/python/tests,LAB,,ACTIVE,development_or_reference,development-only results,candidate,__future__;pathlib;tempfile;unittest,,KEEP,HIGH,"test, experiment, fixture, or benchmark"
reference/python/tests/test_test_shards.py,py,reference/python/tests,LAB,,ACTIVE,development_or_reference,development-only results,candidate,__future__;json;pathlib;subprocess_harness;sys,,KEEP,HIGH,"test, experiment, fixture, or benchmark"
reference/python/tests/test_tool_api.py,py,reference/python/tests,LAB,,ACTIVE,development_or_reference,development-only results,candidate,__future__;contextlib;io;json;nollm.cli;nollm.filesystem;nollm.validation;pathlib;tempfile;test_write_read;unittest,,KEEP,HIGH,"test, experiment, fixture, or benchmark"
reference/python/tests/test_tool_envelope.py,py,reference/python/tests,LAB,,ACTIVE,development_or_reference,development-only results,candidate,__future__;json;pathlib,,KEEP,HIGH,"test, experiment, fixture, or benchmark"
reference/python/tests/test_v1_docs_consistency.py,py,reference/python/tests,LAB,,ACTIVE,development_or_reference,development-only results,candidate,__future__;pathlib,,KEEP,HIGH,"test, experiment, fixture, or benchmark"
reference/python/tests/test_v1_route_lock.py,py,reference/python/tests,LAB,,ACTIVE,development_or_reference,development-only results,candidate,__future__;pathlib,,KEEP,HIGH,"test, experiment, fixture, or benchmark"
reference/python/tests/test_v2l0_layer_constitution.py,py,reference/python/tests,LAB,,ACTIVE,development_or_reference,development-only results,candidate,__future__;pathlib,,KEEP,HIGH,"test, experiment, fixture, or benchmark"
reference/python/tests/test_v2l0_source_reclassification.py,py,reference/python/tests,LAB,,ACTIVE,development_or_reference,development-only results,candidate,__future__;ast;pathlib,,KEEP,HIGH,"test, experiment, fixture, or benchmark"
reference/python/tests/test_validate.py,py,reference/python/tests,LAB,,ACTIVE,development_or_reference,development-only results,candidate,__future__;nollm.cli;nollm.filesystem;nollm.validation;tempfile;test_write_read;unittest,,KEEP,HIGH,"test, experiment, fixture, or benchmark"
reference/python/tests/test_write_read.py,py,reference/python/tests,LAB,,ACTIVE,development_or_reference,development-only results,candidate,__future__;contextlib;io;nollm.cli;pathlib;tempfile;unittest,,KEEP,HIGH,"test, experiment, fixture, or benchmark"
requirements-validation.txt,txt,.,DISTRIBUTION,,ACTIVE,development_or_reference,none,none,,,KEEP,MEDIUM,root repository governance or packaging asset
tools/check_module_boundaries.py,py,tools,LAB,,ACTIVE,development_or_reference,development-only,candidate,__future__;argparse;ast;dataclasses;hashlib;json;pathlib;re;subprocess;sys;typing,,KEEP,HIGH,repository tooling
tools/generate_module_ownership_manifest.py,py,tools,LAB,,ACTIVE,development_or_reference,development-only,candidate,__future__;csv;json;pathlib;re;subprocess,,KEEP,HIGH,repository tooling
tools/nollm_tool_manifest.json,json,tools,LAB,,ACTIVE,development_or_reference,development-only,none,,,KEEP,HIGH,repository tooling
tools/run_nollm_test_matrix.ps1,ps1,tools,LAB,,ACTIVE,development_or_reference,development-only,none,,,KEEP,HIGH,repository tooling
validation/ba1/run_ba1_batch_admission.py,py,validation/ba1,LAB,,ACTIVE,development_or_reference,development-only results,candidate,__future__;argparse;ast;dataclasses;nollm.dream_geometry.admission;nollm.dream_geometry.batch_admission;pathlib;subprocess;sys;tempfile;tests.fixtures.ba1.fixture,reference/python/tests/test_ba1_batch_admission_report_regeneration.py,KEEP,HIGH,"test, experiment, fixture, or benchmark"
validation/ci1/run_ci1_baseline.py,py,validation/ci1,LAB,,ACTIVE,development_or_reference,development-only results,candidate,__future__;dataclasses;hashlib;nollm.dream_geometry.capture;nollm.dream_geometry.evidence;nollm.dream_geometry.protocol.contracts;pathlib;subprocess;sys;tempfile,,KEEP,HIGH,"test, experiment, fixture, or benchmark"
validation/cx1/run_cx1_synthetic_validation.py,py,validation/cx1,LAB,,ACTIVE,development_or_reference,development-only results,candidate,__future__;argparse;ast;dataclasses;hashlib;json;nollm.dream_geometry.capture;nollm.dream_geometry.evidence;nollm.dream_geometry.protocol.contracts;pathlib;subprocess;sys;tempfile,,KEEP,HIGH,"test, experiment, fixture, or benchmark"
validation/cx2/CX2_EXTERNAL_CORTEX_INTEGRATION_CONFORMANCE_REPORT.md,md,validation/cx2,LAB,,ACTIVE,development_or_reference,development-only results,none,,,KEEP,HIGH,"test, experiment, fixture, or benchmark"
validation/cx2/run_cx2_conformance.py,py,validation/cx2,LAB,,ACTIVE,development_or_reference,development-only results,candidate,__future__;hashlib;nollm.dream_geometry.validation.cx2.fixtures;nollm.dream_geometry.validation.cx2.serialization;nollm.dream_geometry.validation.cx2.types;nollm.dream_geometry.validation.cx2.validator;pathlib;sys,,KEEP,HIGH,"test, experiment, fixture, or benchmark"
validation/df1/DF1_BASELINE_REPORT.md,md,validation/df1,LAB,,ACTIVE,development_or_reference,development-only results,none,,,KEEP,HIGH,"test, experiment, fixture, or benchmark"
validation/df1/fixtures.py,py,validation/df1,LAB,,ACTIVE,development_or_reference,development-only results,candidate,__future__;pathlib;sys;tests.fixtures.df1_assembly.fixture,,KEEP,HIGH,"test, experiment, fixture, or benchmark"
validation/df1/run_df1_baseline.py,py,validation/df1,LAB,,ACTIVE,development_or_reference,development-only results,candidate,__future__;argparse;fixtures;nollm.dream_geometry.assembly;pathlib;platform;subprocess;tempfile,,KEEP,HIGH,"test, experiment, fixture, or benchmark"
validation/dg5/DG5_VALIDATION_REPORT.md,md,validation/dg5,LAB,,ACTIVE,development_or_reference,development-only results,none,,,KEEP,HIGH,"test, experiment, fixture, or benchmark"
validation/dg5/run_dg5_validation.py,py,validation/dg5,LAB,,ACTIVE,development_or_reference,development-only results,candidate,__future__;argparse;nollm.dream_geometry.compression;nollm.dream_geometry.compression.view;pathlib;sys;tests.fixtures.dg5.fixture,,KEEP,HIGH,"test, experiment, fixture, or benchmark"
validation/dg6/DG6_ISOLATED_SNAPSHOT_COMPACTION_ADAPTER_REPORT.md,md,validation/dg6,LAB,,ACTIVE,development_or_reference,development-only results,none,,,KEEP,HIGH,"test, experiment, fixture, or benchmark"
validation/dg6/run_dg6_validation.py,py,validation/dg6,LAB,,ACTIVE,development_or_reference,development-only results,candidate,__future__;argparse;nollm.dream_geometry.adapters.snapshot_compaction;pathlib;tempfile;tests.fixtures.dg6.fixture;tests.fixtures.dx2.fixture,reference/python/tests/test_dg6_snapshot_compaction_report_regeneration.py,KEEP,HIGH,"test, experiment, fixture, or benchmark"
validation/dg7/DG7_REFERENCE_RUNTIME_POSITIVE_VERIFICATION_REPORT.md,md,validation/dg7,LAB,,ACTIVE,development_or_reference,development-only results,none,,,KEEP,HIGH,"test, experiment, fixture, or benchmark"
validation/dg7/run_dg7_validation.py,py,validation/dg7,LAB,,ACTIVE,development_or_reference,development-only results,candidate,__future__;hashlib;pathlib;subprocess;sys;tempfile,,KEEP,HIGH,"test, experiment, fixture, or benchmark"
validation/dx2/run_dx2_multi_admission_assembly_recall.py,py,validation/dx2,LAB,,ACTIVE,development_or_reference,development-only results,candidate,__future__;argparse;nollm.dream_geometry.adapters;nollm.dream_geometry.recall;pathlib;sys;tempfile;tests.fixtures.dx2.fixture,reference/python/tests/test_dx2_multi_admission_assembly_recall_report_regeneration.py,KEEP,HIGH,"test, experiment, fixture, or benchmark"
validation/gat1/run_gat1_chart_groupoid.py,py,validation/gat1,LAB,,ACTIVE,development_or_reference,development-only results,candidate,__future__;argparse;pathlib;sys;tests.fixtures.gat1.fixture,reference/python/tests/test_gat1_report_regeneration.py,KEEP,HIGH,"test, experiment, fixture, or benchmark"
validation/gcm1/run_gcm1_sparse_collision_trace_compaction.py,py,validation/gcm1,LAB,,ACTIVE,development_or_reference,development-only results,candidate,__future__;argparse;pathlib;sys;tests.fixtures.gcm1.fixture,reference/python/tests/test_gcm1_report_regeneration.py,KEEP,HIGH,"test, experiment, fixture, or benchmark"
validation/geo1/run_geo1_geometry_evidence_consolidation.py,py,validation/geo1,LAB,,ACTIVE,development_or_reference,development-only results,candidate,__future__;argparse;dataclasses;hashlib;nollm.dream_geometry.admission.types;nollm.dream_geometry.geometry.schedules;pathlib;sys,reference/python/tests/test_geo1_geometry_evidence_consolidation.py,KEEP,HIGH,"test, experiment, fixture, or benchmark"
validation/gkc1/run_gkc1_directional_kernel_composition.py,py,validation/gkc1,LAB,,ACTIVE,development_or_reference,development-only results,candidate,__future__;argparse;pathlib;sys;tests.fixtures.gkc1.fixture,reference/python/tests/test_gkc1_report_regeneration.py,KEEP,HIGH,"test, experiment, fixture, or benchmark"
validation/gkd1/run_gkd1_bidirectional_coverage.py,py,validation/gkd1,LAB,,ACTIVE,development_or_reference,development-only results,candidate,__future__;argparse;pathlib;sys;tests.fixtures.gkd1.fixture,reference/python/tests/test_gkd1_report_regeneration.py,KEEP,HIGH,"test, experiment, fixture, or benchmark"
validation/gpr1/run_gpr1_geometry_profile_regime.py,py,validation/gpr1,LAB,,ACTIVE,development_or_reference,development-only results,candidate,__future__;argparse;pathlib;sys;tests.fixtures.gpr1.fixture,reference/python/tests/test_gpr1_geometry_profile_report_regeneration.py,KEEP,HIGH,"test, experiment, fixture, or benchmark"
validation/gra1/run_gra1_rotation_scale_resonance.py,py,validation/gra1,LAB,,ACTIVE,development_or_reference,development-only results,candidate,__future__;argparse;pathlib;sys;tests.fixtures.gra1.fixture,reference/python/tests/test_gra1_report_regeneration.py,KEEP,HIGH,"test, experiment, fixture, or benchmark"
validation/grc1/run_grc1_resonance_conditioned_coverage.py,py,validation/grc1,LAB,,ACTIVE,development_or_reference,development-only results,candidate,__future__;argparse;pathlib;sys;tests.fixtures.grc1.fixture,reference/python/tests/test_grc1_report_regeneration.py,KEEP,HIGH,"test, experiment, fixture, or benchmark"
validation/gsc1/run_gsc1_sparse_shard_scale_coverage.py,py,validation/gsc1,LAB,,ACTIVE,development_or_reference,development-only results,candidate,__future__;argparse;pathlib;sys;tests.fixtures.gsc1.fixture,reference/python/tests/test_gsc1_report_regeneration.py,KEEP,HIGH,"test, experiment, fixture, or benchmark"
validation/gvr1/run_gvr1_translation_variation.py,py,validation/gvr1,LAB,,ACTIVE,development_or_reference,development-only results,candidate,__future__;argparse;pathlib;sys;tests.fixtures.gvr1.fixture,reference/python/tests/test_gvr1_report_regeneration.py,KEEP,HIGH,"test, experiment, fixture, or benchmark"
validation/hag1/HAG1_FIXED_GATE_RECEIPT.md,md,validation/hag1,LAB,,ACTIVE,development_or_reference,development-only results,none,,,KEEP,HIGH,"test, experiment, fixture, or benchmark"
validation/hcg1/HCG1_FILE_FIRST_CAPTURE_GATEWAY_REPORT.md,md,validation/hcg1,LAB,,ACTIVE,development_or_reference,development-only results,none,,,KEEP,HIGH,"test, experiment, fixture, or benchmark"
validation/hx1/HX1_C2_NESTED_INPUT_PREFLIGHT_CONTEXT_DG6_CLOSURE_REPORT.md,md,validation/hx1,LAB,,ACTIVE,development_or_reference,development-only results,none,,,KEEP,HIGH,"test, experiment, fixture, or benchmark"
validation/hx1/HX1_C3_CANONICAL_NESTED_PREFLIGHT_CLOSURE_REPORT.md,md,validation/hx1,LAB,,ACTIVE,development_or_reference,development-only results,none,,,KEEP,HIGH,"test, experiment, fixture, or benchmark"
validation/hx1/HX1_C4_SOURCE_INDEPENDENT_WORKROOT_CLOSURE_REPORT.md,md,validation/hx1,LAB,,ACTIVE,development_or_reference,development-only results,none,,,KEEP,HIGH,"test, experiment, fixture, or benchmark"
validation/hx1/HX1_TRUSTED_HOST_STAGED_EXECUTION_REPORT.md,md,validation/hx1,LAB,,ACTIVE,development_or_reference,development-only results,none,,,KEEP,HIGH,"test, experiment, fixture, or benchmark"
validation/hx1/run_hx1_validation.py,py,validation/hx1,LAB,,ACTIVE,development_or_reference,development-only results,candidate,__future__;argparse;hashlib;json;nollm.dream_geometry.host_execution;pathlib;shutil;sys;tempfile;test_hx1_trusted_host_bridge,reference/python/tests/test_hxa1_final_acceptance_audit.py,KEEP,HIGH,"test, experiment, fixture, or benchmark"
validation/hxa1/HXA1_TRUSTED_HOST_FINAL_ACCEPTANCE_REPORT.md,md,validation/hxa1,LAB,,ACTIVE,development_or_reference,development-only results,none,,,KEEP,HIGH,"test, experiment, fixture, or benchmark"
validation/rc1/run_df1_dr1_recall_universe_contract.py,py,validation/rc1,LAB,,ACTIVE,development_or_reference,development-only results,candidate,__future__;argparse;dataclasses;nollm.dream_geometry.assembly;nollm.dream_geometry.assembly.builder;nollm.dream_geometry.assembly.errors;nollm.dream_geometry.cortex;nollm.dream_geometry.geometry.types;nollm.dream_geometry.recall;pathlib;subprocess;sys;tempfile;tests.fixtures.df1_assembly.fixture,,KEEP,HIGH,"test, experiment, fixture, or benchmark"
validation/tq1/TQ1_BOUNDED_COMPLETE_TEST_MATRIX_REPORT.md,md,validation/tq1,LAB,,ACTIVE,development_or_reference,development-only results,none,,,KEEP,HIGH,"test, experiment, fixture, or benchmark"
validation/v2l0/V2L0_FIXED_GATE_RECEIPT.md,md,validation/v2l0,LAB,,ACTIVE,development_or_reference,development-only results,none,,,KEEP,HIGH,"test, experiment, fixture, or benchmark"
